ID,electricity_consumption
cluster_1_2022-01-01,317.1080141338495
cluster_1_2022-01-02,323.93204433060424
cluster_1_2022-01-03,379.76052260652773
cluster_1_2022-01-04,405.20247198585207
cluster_1_2022-01-05,438.23285175487683
cluster_1_2022-01-06,464.7032113335136
cluster_1_2022-01-07,465.30090584727134
cluster_1_2022-01-08,421.5465612070262
cluster_1_2022-01-09,403.14471151584246
cluster_1_2022-01-10,474.35040388790344
cluster_1_2022-01-11,484.52246462010726
cluster_1_2022-01-12,495.32133189249447
cluster_1_2022-01-13,485.2658263167782
cluster_1_2022-01-14,481.4926633502869
cluster_1_2022-01-15,455.8433490082647
cluster_1_2022-01-16,425.5582681319282
cluster_1_2022-01-17,473.0310958842938
cluster_1_2022-01-18,477.3903370872984
cluster_1_2022-01-19,480.33531009021357
cluster_1_2022-01-20,473.5470043465587
cluster_1_2022-01-21,481.24332755669417
cluster_1_2022-01-22,438.4328153031882
cluster_1_2022-01-23,414.96784565323605
cluster_1_2022-01-24,483.2235940530341
cluster_1_2022-01-25,520.0301741743069
cluster_1_2022-01-26,492.2246378382383
cluster_1_2022-01-27,477.81933349974736
cluster_1_2022-01-28,452.2307891715544
cluster_1_2022-01-29,399.5812337569547
cluster_1_2022-01-30,383.6911712285354
cluster_1_2022-01-31,450.80422859811625
cluster_1_2022-02-01,460.39775996462777
cluster_1_2022-02-02,426.11999330502465
cluster_1_2022-02-03,430.643359772021
cluster_1_2022-02-04,439.43803787164404
cluster_1_2022-02-05,404.697913495755
cluster_1_2022-02-06,383.6732561116676
cluster_1_2022-02-07,434.525564904909
cluster_1_2022-02-08,430.9822376314183
cluster_1_2022-02-09,431.7684862429289
cluster_1_2022-02-10,438.9551628938277
cluster_1_2022-02-11,440.8879055241539
cluster_1_2022-02-12,418.4586492026032
cluster_1_2022-02-13,404.56671442846385
cluster_1_2022-02-14,428.25459020757023
cluster_1_2022-02-15,438.67807736957496
cluster_1_2022-02-16,418.1985941155709
cluster_1_2022-02-17,405.159413402126
cluster_1_2022-02-18,410.40904545009187
cluster_1_2022-02-19,385.48335555134486
cluster_1_2022-02-20,357.9604813927678
cluster_1_2022-02-21,417.35228577093676
cluster_1_2022-02-22,417.8954851357961
cluster_1_2022-02-23,426.42792162732684
cluster_1_2022-02-24,427.27275225164465
cluster_1_2022-02-25,429.51132197193203
cluster_1_2022-02-26,406.8156559314138
cluster_1_2022-02-27,376.39537476044853
cluster_1_2022-02-28,415.4766800976964
cluster_1_2022-03-01,420.1247590422743
cluster_1_2022-03-02,410.3731047824192
cluster_1_2022-03-03,399.649955352507
cluster_1_2022-03-04,405.5315548901081
cluster_1_2022-03-05,390.42653252833946
cluster_1_2022-03-06,377.04190573374575
cluster_1_2022-03-07,433.90899006738726
cluster_1_2022-03-08,435.3572798977087
cluster_1_2022-03-09,410.18270181597967
cluster_1_2022-03-10,391.86926348398373
cluster_1_2022-03-11,383.3754306517059
cluster_1_2022-03-12,339.83728392283325
cluster_1_2022-03-13,326.9947555299937
cluster_1_2022-03-14,368.4269070451548
cluster_1_2022-03-15,373.5495965531745
cluster_1_2022-03-16,360.6303829478955
cluster_1_2022-03-17,357.91385493691564
cluster_1_2022-03-18,365.7586225728489
cluster_1_2022-03-19,318.5573683309819
cluster_1_2022-03-20,312.20454276778804
cluster_1_2022-03-21,344.281084702247
cluster_1_2022-03-22,335.26572480093097
cluster_1_2022-03-23,334.3203984761264
cluster_1_2022-03-24,333.73787066167927
cluster_1_2022-03-25,320.96712431591084
cluster_1_2022-03-26,281.9763257248321
cluster_1_2022-03-27,266.1550850839073
cluster_1_2022-03-28,308.9902010953774
cluster_1_2022-03-29,328.03511425961636
cluster_1_2022-03-30,341.7530890900879
cluster_1_2022-03-31,378.1703097971325
cluster_1_2022-04-01,409.42245787147095
cluster_1_2022-04-02,381.5494683190566
cluster_1_2022-04-03,371.89145760914846
cluster_1_2022-04-04,391.8405990039665
cluster_1_2022-04-05,399.867746506283
cluster_1_2022-04-06,383.44649907495136
cluster_1_2022-04-07,374.6037175428357
cluster_1_2022-04-08,404.4884924245503
cluster_1_2022-04-09,354.34760322697986
cluster_1_2022-04-10,322.06332465051673
cluster_1_2022-04-11,344.45159262217777
cluster_1_2022-04-12,335.80006839185927
cluster_1_2022-04-13,333.9489642489385
cluster_1_2022-04-14,326.11956971877527
cluster_1_2022-04-15,310.5130662159487
cluster_1_2022-04-16,269.6353331931952
cluster_1_2022-04-17,249.75165743529476
cluster_1_2022-04-18,298.58060447065395
cluster_1_2022-04-19,309.2869545882059
cluster_1_2022-04-20,306.90688009469795
cluster_1_2022-04-21,307.37057833937604
cluster_1_2022-04-22,309.35151925017476
cluster_1_2022-04-23,267.09006507360726
cluster_1_2022-04-24,254.4246530570659
cluster_1_2022-04-25,306.8657076852241
cluster_1_2022-04-26,319.03556639816065
cluster_1_2022-04-27,319.58894856353265
cluster_1_2022-04-28,310.6778443279785
cluster_1_2022-04-29,305.66499694554545
cluster_1_2022-04-30,276.4867446358563
cluster_1_2022-05-01,244.6197421169205
cluster_1_2022-05-02,297.8374536393248
cluster_1_2022-05-03,305.8073663905139
cluster_1_2022-05-04,301.7767390279241
cluster_1_2022-05-05,303.32540554443125
cluster_1_2022-05-06,293.611019207999
cluster_1_2022-05-07,255.87785294144135
cluster_1_2022-05-08,232.37877717977153
cluster_1_2022-05-09,277.0041867818313
cluster_1_2022-05-10,287.3169182538406
cluster_1_2022-05-11,286.2483952657571
cluster_1_2022-05-12,283.1196766919941
cluster_1_2022-05-13,282.02644580033524
cluster_1_2022-05-14,249.5654789672052
cluster_1_2022-05-15,232.21850545732696
cluster_1_2022-05-16,278.8028181162066
cluster_1_2022-05-17,287.77648921619357
cluster_1_2022-05-18,284.75462945573577
cluster_1_2022-05-19,281.2273202336752
cluster_1_2022-05-20,281.9599575728449
cluster_1_2022-05-21,246.3315281046146
cluster_1_2022-05-22,228.2441604467211
cluster_1_2022-05-23,278.31137101881035
cluster_1_2022-05-24,292.51719332933686
cluster_1_2022-05-25,296.087439875965
cluster_1_2022-05-26,290.38949207780547
cluster_1_2022-05-27,287.29270802628133
cluster_1_2022-05-28,253.23218245831015
cluster_1_2022-05-29,241.69542194135806
cluster_1_2022-05-30,280.1417175844153
cluster_1_2022-05-31,292.02952768161157
cluster_1_2022-06-01,299.1428857993764
cluster_1_2022-06-02,296.78874056904345
cluster_1_2022-06-03,287.9353982944404
cluster_1_2022-06-04,246.91220900168528
cluster_1_2022-06-05,224.7289405028803
cluster_1_2022-06-06,276.9847556576622
cluster_1_2022-06-07,289.44366345806634
cluster_1_2022-06-08,292.5724714327014
cluster_1_2022-06-09,290.00858435079084
cluster_1_2022-06-10,285.42883476527925
cluster_1_2022-06-11,246.2572472356223
cluster_1_2022-06-12,227.5634586592684
cluster_1_2022-06-13,285.6722150347197
cluster_1_2022-06-14,291.62893632833715
cluster_1_2022-06-15,291.7538936458038
cluster_1_2022-06-16,295.6634381622775
cluster_1_2022-06-17,296.9977438881748
cluster_1_2022-06-18,257.96465457099833
cluster_1_2022-06-19,232.47414280284366
cluster_1_2022-06-20,282.44414948467573
cluster_1_2022-06-21,291.44826162537595
cluster_1_2022-06-22,294.27406771695905
cluster_1_2022-06-23,295.9833167939328
cluster_1_2022-06-24,287.58641062537777
cluster_1_2022-06-25,247.71150678660055
cluster_1_2022-06-26,227.7590769913692
cluster_1_2022-06-27,276.09685219210115
cluster_1_2022-06-28,292.8624846143335
cluster_1_2022-06-29,294.4424030248223
cluster_1_2022-06-30,292.162615184129
cluster_1_2022-07-01,286.6679103379898
cluster_1_2022-07-02,247.90189354411487
cluster_1_2022-07-03,230.25028100220163
cluster_1_2022-07-04,284.4807213220975
cluster_1_2022-07-05,295.1679622896642
cluster_1_2022-07-06,294.90258111439664
cluster_1_2022-07-07,292.00886667928154
cluster_1_2022-07-08,291.7242167184069
cluster_1_2022-07-09,254.44935065605114
cluster_1_2022-07-10,233.23530046476412
cluster_1_2022-07-11,288.3822832734052
cluster_1_2022-07-12,303.09057321865026
cluster_1_2022-07-13,307.49501814514105
cluster_1_2022-07-14,292.28423541721895
cluster_1_2022-07-15,289.3349473368624
cluster_1_2022-07-16,255.52008440413175
cluster_1_2022-07-17,240.55070696089052
cluster_1_2022-07-18,300.9125549190834
cluster_1_2022-07-19,314.74553374402285
cluster_1_2022-07-20,304.2163380620827
cluster_1_2022-07-21,297.3804497146363
cluster_1_2022-07-22,295.6506878941745
cluster_1_2022-07-23,254.44163662882772
cluster_1_2022-07-24,241.29138907939972
cluster_1_2022-07-25,284.738052701171
cluster_1_2022-07-26,290.2227153297999
cluster_1_2022-07-27,291.53268037509787
cluster_1_2022-07-28,288.9644330029903
cluster_1_2022-07-29,289.6444755483147
cluster_1_2022-07-30,251.14824502706347
cluster_1_2022-07-31,229.8017685088596
cluster_1_2022-08-01,263.0551351211217
cluster_1_2022-08-02,277.9438016948202
cluster_1_2022-08-03,283.0690659037807
cluster_1_2022-08-04,280.4513820238055
cluster_1_2022-08-05,274.8500766097144
cluster_1_2022-08-06,237.0823473876322
cluster_1_2022-08-07,220.99604279866386
cluster_1_2022-08-08,257.086714101414
cluster_1_2022-08-09,270.76480209052676
cluster_1_2022-08-10,275.7795231428854
cluster_1_2022-08-11,277.7523883714107
cluster_1_2022-08-12,277.0015789278559
cluster_1_2022-08-13,247.07150183372312
cluster_1_2022-08-14,225.1601530099537
cluster_1_2022-08-15,249.57284220503035
cluster_1_2022-08-16,261.88315281838777
cluster_1_2022-08-17,268.8006456033196
cluster_1_2022-08-18,273.8702202204081
cluster_1_2022-08-19,270.86371848653766
cluster_1_2022-08-20,239.22600195899264
cluster_1_2022-08-21,222.47278875918954
cluster_1_2022-08-22,270.20408445524026
cluster_1_2022-08-23,281.1420744158112
cluster_1_2022-08-24,287.2644914253248
cluster_1_2022-08-25,291.1990360588199
cluster_1_2022-08-26,285.5971121178392
cluster_1_2022-08-27,247.5704955031403
cluster_1_2022-08-28,231.2429422434335
cluster_1_2022-08-29,283.3675939235683
cluster_1_2022-08-30,292.68188894823174
cluster_1_2022-08-31,295.34596342279514
cluster_1_2022-09-01,293.8199394871471
cluster_1_2022-09-02,290.5311911003971
cluster_1_2022-09-03,251.48153849356842
cluster_1_2022-09-04,235.08899005796619
cluster_1_2022-09-05,289.3125462326649
cluster_1_2022-09-06,295.8133312841656
cluster_1_2022-09-07,295.2990919041857
cluster_1_2022-09-08,292.5247052228185
cluster_1_2022-09-09,288.4374604265724
cluster_1_2022-09-10,249.66771733771844
cluster_1_2022-09-11,233.2652333846967
cluster_1_2022-09-12,285.5098423596912
cluster_1_2022-09-13,295.7587968704738
cluster_1_2022-09-14,295.8468190033761
cluster_1_2022-09-15,292.42050838766704
cluster_1_2022-09-16,289.23786954260095
cluster_1_2022-09-17,256.5203951730985
cluster_1_2022-09-18,238.78768319294724
cluster_1_2022-09-19,291.8950026460401
cluster_1_2022-09-20,302.0375111779152
cluster_1_2022-09-21,307.2793960276723
cluster_1_2022-09-22,306.74052217259486
cluster_1_2022-09-23,304.271993396905
cluster_1_2022-09-24,262.6864682225334
cluster_1_2022-09-25,247.77503166335075
cluster_1_2022-09-26,304.6171068828864
cluster_1_2022-09-27,315.0598233183962
cluster_1_2022-09-28,318.8650024007915
cluster_1_2022-09-29,325.84070187542875
cluster_1_2022-09-30,325.92251790125334
cluster_1_2022-10-01,278.94669207611867
cluster_1_2022-10-02,259.8617753438623
cluster_1_2022-10-03,311.8863630578232
cluster_1_2022-10-04,317.96968438192533
cluster_1_2022-10-05,315.22990902455524
cluster_1_2022-10-06,310.49215812878157
cluster_1_2022-10-07,310.5359157548458
cluster_1_2022-10-08,269.63284777123386
cluster_1_2022-10-09,257.20302475038557
cluster_1_2022-10-10,304.44934240403444
cluster_1_2022-10-11,321.501385337773
cluster_1_2022-10-12,323.34206026988466
cluster_1_2022-10-13,320.8806630155374
cluster_1_2022-10-14,315.7890371301802
cluster_1_2022-10-15,277.7286701555237
cluster_1_2022-10-16,260.36532033590925
cluster_1_2022-10-17,311.82349361237584
cluster_1_2022-10-18,320.69835963314165
cluster_1_2022-10-19,314.94849845875115
cluster_1_2022-10-20,316.5368992534106
cluster_1_2022-10-21,313.3097655723056
cluster_1_2022-10-22,269.7126375014624
cluster_1_2022-10-23,255.62769448873667
cluster_1_2022-10-24,306.99140527102276
cluster_1_2022-10-25,318.76414529183853
cluster_1_2022-10-26,318.95866142135714
cluster_1_2022-10-27,320.87397540656457
cluster_1_2022-10-28,314.6174803989871
cluster_1_2022-10-29,271.9405304931945
cluster_1_2022-10-30,255.88452246442557
cluster_1_2022-10-31,310.1790060847293
cluster_1_2022-11-01,301.29158274559364
cluster_1_2022-11-02,325.1486062603416
cluster_1_2022-11-03,345.9298914673072
cluster_1_2022-11-04,353.67611205981837
cluster_1_2022-11-05,338.19087682589753
cluster_1_2022-11-06,309.3151418691219
cluster_1_2022-11-07,351.3152135182281
cluster_1_2022-11-08,355.96979800003425
cluster_1_2022-11-09,361.7836540646069
cluster_1_2022-11-10,364.6178166301431
cluster_1_2022-11-11,357.95132568025167
cluster_1_2022-11-12,309.35266755180027
cluster_1_2022-11-13,306.60595990972035
cluster_1_2022-11-14,363.0560519378104
cluster_1_2022-11-15,362.92424420433616
cluster_1_2022-11-16,377.3499245943885
cluster_1_2022-11-17,376.79597015577
cluster_1_2022-11-18,390.8918036614761
cluster_1_2022-11-19,357.2035378240155
cluster_1_2022-11-20,349.65639638543377
cluster_1_2022-11-21,410.8412039800981
cluster_1_2022-11-22,421.7440504476504
cluster_1_2022-11-23,424.5506455338422
cluster_1_2022-11-24,409.98626780779915
cluster_1_2022-11-25,397.12352898757246
cluster_1_2022-11-26,375.4065646477575
cluster_1_2022-11-27,355.6665357561249
cluster_1_2022-11-28,407.0130784031761
cluster_1_2022-11-29,420.64214950363663
cluster_1_2022-11-30,438.0805490161798
cluster_1_2022-12-01,459.0876863924517
cluster_1_2022-12-02,474.1804658283858
cluster_1_2022-12-03,439.34556527433796
cluster_1_2022-12-04,433.92538851437064
cluster_1_2022-12-05,476.5137090475572
cluster_1_2022-12-06,483.98108643760617
cluster_1_2022-12-07,490.0799896567327
cluster_1_2022-12-08,500.71265752383334
cluster_1_2022-12-09,519.5370486557553
cluster_1_2022-12-10,472.1708602616932
cluster_1_2022-12-11,464.88497510642793
cluster_1_2022-12-12,532.2757461958821
cluster_1_2022-12-13,549.1842760341888
cluster_1_2022-12-14,540.5266562637199
cluster_1_2022-12-15,541.4522527596125
cluster_1_2022-12-16,525.2037113198679
cluster_1_2022-12-17,495.999919892665
cluster_1_2022-12-18,471.9306830456469
cluster_1_2022-12-19,453.4565979224373
cluster_1_2022-12-20,430.7097576511886
cluster_1_2022-12-21,428.09867488585655
cluster_1_2022-12-22,404.61286083039573
cluster_1_2022-12-23,385.20736503391305
cluster_1_2022-12-24,335.925386441459
cluster_1_2022-12-25,318.34061881670675
cluster_1_2022-12-26,357.6469892037712
cluster_1_2022-12-27,377.6777823116538
cluster_1_2022-12-28,382.58151284387446
cluster_1_2022-12-29,386.73049079249245
cluster_1_2022-12-30,379.44607411168505
cluster_1_2022-12-31,328.1890208866375
cluster_1_2023-01-01,321.52473045934795
cluster_1_2023-01-02,370.1612734843829
cluster_1_2023-01-03,395.31236789122136
cluster_1_2023-01-04,395.35615088820816
cluster_1_2023-01-05,383.7314128892977
cluster_1_2023-01-06,378.9383903586177
cluster_1_2023-01-07,359.5498236898778
cluster_1_2023-01-08,353.91521527138474
cluster_1_2023-01-09,427.61228260296235
cluster_1_2023-01-10,446.36985401922016
cluster_1_2023-01-11,414.00742333160076
cluster_1_2023-01-12,419.0210820350351
cluster_1_2023-01-13,410.9051211923569
cluster_1_2023-01-14,376.08299617643434
cluster_1_2023-01-15,367.55796670408455
cluster_1_2023-01-16,461.32865469464355
cluster_1_2023-01-17,483.25666191995856
cluster_1_2023-01-18,504.43832607196913
cluster_1_2023-01-19,505.42923322973263
cluster_1_2023-01-20,503.55362645070215
cluster_1_2023-01-21,465.7374568498812
cluster_1_2023-01-22,455.8687689631721
cluster_1_2023-01-23,510.5712001144738
cluster_1_2023-01-24,521.2614152936123
cluster_1_2023-01-25,525.7756330376038
cluster_1_2023-01-26,505.98788094965454
cluster_1_2023-01-27,483.15282545145186
cluster_1_2023-01-28,467.5722819643221
cluster_1_2023-01-29,457.58121848140996
cluster_1_2023-01-30,474.515300200021
cluster_1_2023-01-31,473.985658698897
cluster_1_2023-02-01,452.1899734813561
cluster_1_2023-02-02,441.4685858420456
cluster_1_2023-02-03,426.9695499403873
cluster_1_2023-02-04,387.0333225463581
cluster_1_2023-02-05,381.73414176139863
cluster_1_2023-02-06,459.9646021310394
cluster_1_2023-02-07,481.9487433732147
cluster_1_2023-02-08,504.3682774067955
cluster_1_2023-02-09,506.4084856209267
cluster_1_2023-02-10,465.4422064075576
cluster_1_2023-02-11,413.5327708002475
cluster_1_2023-02-12,374.9888019555689
cluster_1_2023-02-13,435.6909183368419
cluster_1_2023-02-14,440.3124958514659
cluster_1_2023-02-15,429.7505491591355
cluster_1_2023-02-16,421.92396392943544
cluster_1_2023-02-17,391.4574968247774
cluster_1_2023-02-18,353.931633285028
cluster_1_2023-02-19,337.33074135499595
cluster_1_2023-02-20,400.8051962455203
cluster_1_2023-02-21,418.87810837586073
cluster_1_2023-02-22,412.94484524066456
cluster_1_2023-02-23,421.3806492561135
cluster_1_2023-02-24,420.2924145324867
cluster_1_2023-02-25,411.2667815347755
cluster_1_2023-02-26,410.96969491097553
cluster_1_2023-02-27,482.966744508797
cluster_1_2023-02-28,501.0643329465549
cluster_1_2023-03-01,488.2413035886168
cluster_1_2023-03-02,472.3659806500519
cluster_1_2023-03-03,457.1201447202216
cluster_1_2023-03-04,434.4550124561263
cluster_1_2023-03-05,391.8851020745394
cluster_1_2023-03-06,450.45219278407944
cluster_1_2023-03-07,462.1466281221328
cluster_1_2023-03-08,431.6686086992102
cluster_1_2023-03-09,394.1541146486727
cluster_1_2023-03-10,402.06913514769286
cluster_1_2023-03-11,373.5077940367677
cluster_1_2023-03-12,343.18242498994607
cluster_1_2023-03-13,369.82524094373326
cluster_1_2023-03-14,394.2700824474737
cluster_1_2023-03-15,407.1627566003114
cluster_1_2023-03-16,380.2560819220291
cluster_1_2023-03-17,364.25792200547437
cluster_1_2023-03-18,323.3634077179274
cluster_1_2023-03-19,307.5645544133976
cluster_1_2023-03-20,369.32806608389745
cluster_1_2023-03-21,362.1347633983099
cluster_1_2023-03-22,365.7989713003866
cluster_1_2023-03-23,355.4126494745445
cluster_1_2023-03-24,349.24504253355656
cluster_1_2023-03-25,318.60163093457254
cluster_1_2023-03-26,311.21684924709206
cluster_1_2023-03-27,356.9259632727265
cluster_1_2023-03-28,389.303601572408
cluster_1_2023-03-29,361.7967717987382
cluster_1_2023-03-30,349.33650566327015
cluster_1_2023-03-31,353.76687205398247
cluster_1_2023-04-01,322.77069657053715
cluster_1_2023-04-02,328.92129009819905
cluster_1_2023-04-03,356.12345085868935
cluster_1_2023-04-04,371.63053875596603
cluster_1_2023-04-05,366.78565632207517
cluster_1_2023-04-06,366.1125467311111
cluster_1_2023-04-07,355.15414844798903
cluster_1_2023-04-08,320.10688375460774
cluster_1_2023-04-09,289.72065054468374
cluster_1_2023-04-10,333.69414769136745
cluster_1_2023-04-11,346.2675042219443
cluster_1_2023-04-12,348.82911026622594
cluster_1_2023-04-13,354.3118657783721
cluster_1_2023-04-14,361.52936234092425
cluster_1_2023-04-15,311.4848118814428
cluster_1_2023-04-16,301.9921895103165
cluster_1_2023-04-17,339.5414260555038
cluster_1_2023-04-18,342.71951722350985
cluster_1_2023-04-19,336.53535485152054
cluster_1_2023-04-20,340.3497944367102
cluster_1_2023-04-21,336.194073300436
cluster_1_2023-04-22,302.33615536737216
cluster_1_2023-04-23,287.2393542787158
cluster_1_2023-04-24,324.1885240209457
cluster_1_2023-04-25,343.2549890970534
cluster_1_2023-04-26,359.2874961498616
cluster_1_2023-04-27,343.7028452633226
cluster_1_2023-04-28,322.76109282963245
cluster_1_2023-04-29,277.9812626379464
cluster_1_2023-04-30,265.7053533094776
cluster_1_2023-05-01,283.47227930727007
cluster_1_2023-05-02,307.62344649717966
cluster_1_2023-05-03,302.0811469462159
cluster_1_2023-05-04,291.3159094321215
cluster_1_2023-05-05,290.100977298447
cluster_1_2023-05-06,256.6562894057231
cluster_1_2023-05-07,239.51124821643322
cluster_1_2023-05-08,273.8695691233891
cluster_1_2023-05-09,290.1533948089422
cluster_1_2023-05-10,302.09370857172473
cluster_1_2023-05-11,298.9787793228978
cluster_1_2023-05-12,307.38964229894253
cluster_1_2023-05-13,265.1909502516484
cluster_1_2023-05-14,243.8436339729214
cluster_1_2023-05-15,292.25252348157346
cluster_1_2023-05-16,317.13365501270505
cluster_1_2023-05-17,317.5578053173183
cluster_1_2023-05-18,317.6258785846817
cluster_1_2023-05-19,301.7061343919063
cluster_1_2023-05-20,260.6513528311192
cluster_1_2023-05-21,240.3080003694009
cluster_1_2023-05-22,279.87568774625714
cluster_1_2023-05-23,298.73946202185334
cluster_1_2023-05-24,299.58047175711727
cluster_1_2023-05-25,290.7220203976295
cluster_1_2023-05-26,287.25434344501355
cluster_1_2023-05-27,250.02581937339818
cluster_1_2023-05-28,230.41292484841813
cluster_1_2023-05-29,273.9259187848506
cluster_1_2023-05-30,287.55256047053473
cluster_1_2023-05-31,291.65951522728255
cluster_1_2023-06-01,287.9866504983448
cluster_1_2023-06-02,287.4296599655531
cluster_1_2023-06-03,247.490835735354
cluster_1_2023-06-04,228.23595180482062
cluster_1_2023-06-05,277.2038065161035
cluster_1_2023-06-06,291.27311960477954
cluster_1_2023-06-07,292.24615506637264
cluster_1_2023-06-08,292.06976875129055
cluster_1_2023-06-09,290.24494254843637
cluster_1_2023-06-10,250.46237266996621
cluster_1_2023-06-11,232.9632948917113
cluster_1_2023-06-12,283.92931431696235
cluster_1_2023-06-13,295.6932765823139
cluster_1_2023-06-14,295.69021845149314
cluster_1_2023-06-15,296.77327767921327
cluster_1_2023-06-16,293.18929629734623
cluster_1_2023-06-17,252.85614620255467
cluster_1_2023-06-18,232.39066087083074
cluster_1_2023-06-19,283.6315215627654
cluster_1_2023-06-20,292.97422200598226
cluster_1_2023-06-21,297.5022050364106
cluster_1_2023-06-22,292.34194766767536
cluster_1_2023-06-23,290.309714495874
cluster_1_2023-06-24,252.73732607975037
cluster_1_2023-06-25,237.62390333966258
cluster_1_2023-06-26,287.23366865549855
cluster_1_2023-06-27,292.7419058710803
cluster_1_2023-06-28,295.41019803693837
cluster_1_2023-06-29,292.24028060010903
cluster_1_2023-06-30,286.75407638963105
cluster_1_2023-07-01,249.2161699649516
cluster_1_2023-07-02,227.5036610960175
cluster_1_2023-07-03,281.0835677137771
cluster_1_2023-07-04,291.17278106670295
cluster_1_2023-07-05,290.7670318645876
cluster_1_2023-07-06,295.384894461326
cluster_1_2023-07-07,297.12523036190225
cluster_1_2023-07-08,259.50262277387594
cluster_1_2023-07-09,237.15604086956054
cluster_1_2023-07-10,290.91229293815206
cluster_1_2023-07-11,301.46979918759166
cluster_1_2023-07-12,298.39244113939674
cluster_1_2023-07-13,290.82590961289355
cluster_1_2023-07-14,282.0684162991098
cluster_1_2023-07-15,246.48949806686096
cluster_1_2023-07-16,232.53850108164295
cluster_1_2023-07-17,280.91680190167943
cluster_1_2023-07-18,295.831556995086
cluster_1_2023-07-19,293.9115808047277
cluster_1_2023-07-20,294.12278298170077
cluster_1_2023-07-21,287.7931534124788
cluster_1_2023-07-22,248.77644885824222
cluster_1_2023-07-23,231.1264889152759
cluster_1_2023-07-24,278.79780013153214
cluster_1_2023-07-25,288.38810611214046
cluster_1_2023-07-26,287.66995278396604
cluster_1_2023-07-27,286.9982861705437
cluster_1_2023-07-28,286.1883002965931
cluster_1_2023-07-29,243.4563137585376
cluster_1_2023-07-30,225.48012413760605
cluster_1_2023-07-31,272.88099696020936
cluster_1_2023-08-01,269.5069826045134
cluster_1_2023-08-02,267.7796725330022
cluster_1_2023-08-03,266.9075645802651
cluster_1_2023-08-04,264.1265699146631
cluster_1_2023-08-05,233.6622664584786
cluster_1_2023-08-06,217.08946474498757
cluster_1_2023-08-07,250.06443351296926
cluster_1_2023-08-08,263.62713677347386
cluster_1_2023-08-09,265.2133639806033
cluster_1_2023-08-10,267.30932426616
cluster_1_2023-08-11,266.7899394677638
cluster_1_2023-08-12,233.17685320199968
cluster_1_2023-08-13,219.1947911370366
cluster_1_2023-08-14,254.8716696604427
cluster_1_2023-08-15,250.73127902083138
cluster_1_2023-08-16,258.1290648459494
cluster_1_2023-08-17,270.11420075157764
cluster_1_2023-08-18,274.1064782844471
cluster_1_2023-08-19,241.94057460549857
cluster_1_2023-08-20,230.41485460752702
cluster_1_2023-08-21,271.1646374540024
cluster_1_2023-08-22,282.6753819632494
cluster_1_2023-08-23,284.8804151800993
cluster_1_2023-08-24,286.68206063745765
cluster_1_2023-08-25,279.2605264532783
cluster_1_2023-08-26,242.12633633069734
cluster_1_2023-08-27,226.44580604468808
cluster_1_2023-08-28,277.27273956734365
cluster_1_2023-08-29,285.5480233718261
cluster_1_2023-08-30,287.9623375915404
cluster_1_2023-08-31,292.5476677935189
cluster_1_2023-09-01,291.36284485918185
cluster_1_2023-09-02,250.3290192642944
cluster_1_2023-09-03,233.98723420689942
cluster_1_2023-09-04,288.45895419190845
cluster_1_2023-09-05,299.3847858456355
cluster_1_2023-09-06,303.5979486880475
cluster_1_2023-09-07,303.1940169997969
cluster_1_2023-09-08,299.1959777347572
cluster_1_2023-09-09,259.8012661195008
cluster_1_2023-09-10,241.11630214835864
cluster_1_2023-09-11,295.6120292655204
cluster_1_2023-09-12,298.12031050122806
cluster_1_2023-09-13,295.2651847433041
cluster_1_2023-09-14,293.3372777599202
cluster_1_2023-09-15,290.95113089915844
cluster_1_2023-09-16,251.49413683398473
cluster_1_2023-09-17,234.9209063062618
cluster_1_2023-09-18,283.04492806601576
cluster_1_2023-09-19,288.3355900236686
cluster_1_2023-09-20,293.1670654987409
cluster_1_2023-09-21,290.41344000875387
cluster_1_2023-09-22,291.2674056500864
cluster_1_2023-09-23,251.32062265980701
cluster_1_2023-09-24,239.63354265317525
cluster_1_2023-09-25,288.6632285491957
cluster_1_2023-09-26,295.15494292880635
cluster_1_2023-09-27,296.52043384778375
cluster_1_2023-09-28,296.3234603639973
cluster_1_2023-09-29,292.39399653553454
cluster_1_2023-09-30,255.6566569498808
cluster_1_2023-10-01,239.19246851198596
cluster_1_2023-10-02,290.42379400808807
cluster_1_2023-10-03,298.5613286826186
cluster_1_2023-10-04,299.22635781169123
cluster_1_2023-10-05,297.23246425592527
cluster_1_2023-10-06,299.8679145788216
cluster_1_2023-10-07,256.9667593150461
cluster_1_2023-10-08,239.74183553752144
cluster_1_2023-10-09,290.07691125334395
cluster_1_2023-10-10,298.78481225485535
cluster_1_2023-10-11,301.13934899481245
cluster_1_2023-10-12,303.5371142467598
cluster_1_2023-10-13,297.9823083118088
cluster_1_2023-10-14,256.7473976450173
cluster_1_2023-10-15,259.2846535288069
cluster_1_2023-10-16,337.11069013064866
cluster_1_2023-10-17,344.7300648164211
cluster_1_2023-10-18,336.68071310969003
cluster_1_2023-10-19,319.11582358167067
cluster_1_2023-10-20,314.7260698640944
cluster_1_2023-10-21,286.7635458574308
cluster_1_2023-10-22,277.8786142506071
cluster_1_2023-10-23,337.35381012013346
cluster_1_2023-10-24,347.9017625417095
cluster_1_2023-10-25,344.02103294615586
cluster_1_2023-10-26,346.3128480524356
cluster_1_2023-10-27,344.73748971734955
cluster_1_2023-10-28,315.6168989722932
cluster_1_2023-10-29,293.9558375699761
cluster_1_2023-10-30,359.52950158336284
cluster_1_2023-10-31,359.38187102564865
cluster_1_2023-11-01,338.1721244171557
cluster_1_2023-11-02,363.99089912179153
cluster_1_2023-11-03,371.0648897166577
cluster_1_2023-11-04,337.3363534776762
cluster_1_2023-11-05,318.1908728920169
cluster_1_2023-11-06,367.7507448557678
cluster_1_2023-11-07,389.5973715977353
cluster_1_2023-11-08,389.50455576669333
cluster_1_2023-11-09,386.50563236826736
cluster_1_2023-11-10,394.37279246077554
cluster_1_2023-11-11,340.05103154029496
cluster_1_2023-11-12,329.81140843036155
cluster_1_2023-11-13,351.8479629065303
cluster_1_2023-11-14,370.52670520577436
cluster_1_2023-11-15,376.2915626114504
cluster_1_2023-11-16,389.2096585216434
cluster_1_2023-11-17,390.7926693896346
cluster_1_2023-11-18,343.57262706715954
cluster_1_2023-11-19,317.6115792004748
cluster_1_2023-11-20,377.51589906150656
cluster_1_2023-11-21,398.3728801425152
cluster_1_2023-11-22,411.3487143387843
cluster_1_2023-11-23,412.96234180120496
cluster_1_2023-11-24,405.70635686528306
cluster_1_2023-11-25,384.49626564962136
cluster_1_2023-11-26,391.3021422190487
cluster_1_2023-11-27,439.67621214217877
cluster_1_2023-11-28,459.9418507138405
cluster_1_2023-11-29,468.4618734073714
cluster_1_2023-11-30,478.9203952338836
cluster_1_2023-12-01,497.8528437186675
cluster_1_2023-12-02,470.0494402317979
cluster_1_2023-12-03,452.78573812079634
cluster_1_2023-12-04,469.33012153853514
cluster_1_2023-12-05,458.5074185887687
cluster_1_2023-12-06,478.55435788594315
cluster_1_2023-12-07,489.64880189490736
cluster_1_2023-12-08,460.83510390070165
cluster_1_2023-12-09,393.2334534348284
cluster_1_2023-12-10,361.0842898993444
cluster_1_2023-12-11,392.40031011208293
cluster_1_2023-12-12,408.26944577889986
cluster_1_2023-12-13,429.51695122054343
cluster_1_2023-12-14,444.73023530279556
cluster_1_2023-12-15,437.0836744320535
cluster_1_2023-12-16,402.50767516849106
cluster_1_2023-12-17,404.8239385086944
cluster_1_2023-12-18,472.61832890077574
cluster_1_2023-12-19,472.1289506120803
cluster_1_2023-12-20,436.18394313819846
cluster_1_2023-12-21,419.8189055164527
cluster_1_2023-12-22,403.1539767978882
cluster_1_2023-12-23,364.8384389014678
cluster_1_2023-12-24,330.1359127124827
cluster_1_2023-12-25,355.7276601258767
cluster_1_2023-12-26,353.31918473448786
cluster_1_2023-12-27,372.1576943899323
cluster_1_2023-12-28,371.45135488396545
cluster_1_2023-12-29,370.92277384381094
cluster_1_2023-12-30,352.3712921994506
cluster_1_2023-12-31,351.9423161567508
cluster_1_2024-01-01,367.7347883176162
cluster_1_2024-01-02,395.03783280083206
cluster_1_2024-01-03,399.662213911121
cluster_1_2024-01-04,408.44329482777493
cluster_1_2024-01-05,423.52950311581174
cluster_1_2024-01-06,410.04634998729136
cluster_1_2024-01-07,421.62716873133746
cluster_1_2024-01-08,514.8007587149478
cluster_1_2024-01-09,534.1432422727363
cluster_1_2024-01-10,548.1608154642742
cluster_1_2024-01-11,549.0267218403663
cluster_1_2024-01-12,538.7670221937475
cluster_1_2024-01-13,492.98495796612053
cluster_1_2024-01-14,478.9494104994018
cluster_1_2024-01-15,531.5668493507175
cluster_1_2024-01-16,552.8651933006398
cluster_1_2024-01-17,545.2744467569645
cluster_1_2024-01-18,541.0427128405382
cluster_1_2024-01-19,537.602925438457
cluster_1_2024-01-20,516.6032098035162
cluster_1_2024-01-21,458.3567543489359
cluster_1_2024-01-22,444.53223163568276
cluster_1_2024-01-23,444.7006669061239
cluster_1_2024-01-24,410.68403559500706
cluster_1_2024-01-25,411.8494241712628
cluster_1_2024-01-26,425.15235301621703
cluster_1_2024-01-27,410.6245965630999
cluster_1_2024-01-28,380.5104940815846
cluster_1_2024-01-29,408.6555129705194
cluster_1_2024-01-30,411.8378131998853
cluster_1_2024-01-31,432.63718485401773
cluster_1_2024-02-01,422.4646897633475
cluster_1_2024-02-02,431.8960589212084
cluster_1_2024-02-03,373.64366443582486
cluster_1_2024-02-04,350.3164458738323
cluster_1_2024-02-05,409.5789010966665
cluster_1_2024-02-06,416.0454453363596
cluster_1_2024-02-07,401.54495801631475
cluster_1_2024-02-08,403.42368404122533
cluster_1_2024-02-09,394.2587336004884
cluster_1_2024-02-10,355.132508890608
cluster_1_2024-02-11,357.0361518177514
cluster_1_2024-02-12,424.2054741094663
cluster_1_2024-02-13,444.6113504788168
cluster_1_2024-02-14,407.96794372629995
cluster_1_2024-02-15,388.7011522380161
cluster_1_2024-02-16,380.5166097722947
cluster_1_2024-02-17,352.1812368311299
cluster_1_2024-02-18,341.55158212805526
cluster_1_2024-02-19,383.03995047418255
cluster_1_2024-02-20,396.0440744009303
cluster_1_2024-02-21,401.1373333087417
cluster_1_2024-02-22,399.07603876005095
cluster_1_2024-02-23,422.817579596859
cluster_1_2024-02-24,396.48809278594047
cluster_1_2024-02-25,380.74264994196625
cluster_1_2024-02-26,425.9941440658331
cluster_1_2024-02-27,434.09728167376767
cluster_1_2024-02-28,447.5504440685982
cluster_1_2024-02-29,417.41079866884854
cluster_1_2024-03-01,418.4867738174712
cluster_1_2024-03-02,374.83644879817325
cluster_1_2024-03-03,364.9211471816747
cluster_1_2024-03-04,423.7754691277031
cluster_1_2024-03-05,426.62488713365116
cluster_1_2024-03-06,428.7265232570779
cluster_1_2024-03-07,414.2885464857239
cluster_1_2024-03-08,399.4828419548422
cluster_1_2024-03-09,354.558255601936
cluster_1_2024-03-10,341.7330847899517
cluster_1_2024-03-11,397.78233044266574
cluster_1_2024-03-12,391.69998502990865
cluster_1_2024-03-13,374.8349921244461
cluster_1_2024-03-14,363.3828675460677
cluster_1_2024-03-15,353.9075638576215
cluster_1_2024-03-16,316.6670304604853
cluster_1_2024-03-17,300.0808373606529
cluster_1_2024-03-18,335.1667926857938
cluster_1_2024-03-19,342.3637091251037
cluster_1_2024-03-20,328.2878252864794
cluster_1_2024-03-21,331.27694782630954
cluster_1_2024-03-22,326.936697183891
cluster_1_2024-03-23,317.18029776917473
cluster_1_2024-03-24,323.70444364538366
cluster_1_2024-03-25,365.4520734821292
cluster_1_2024-03-26,375.162742876399
cluster_1_2024-03-27,382.936358205334
cluster_1_2024-03-28,378.033724074862
cluster_1_2024-03-29,370.4193431467217
cluster_1_2024-03-30,332.5852243386542
cluster_1_2024-03-31,314.4255055001146
cluster_1_2024-04-01,351.3599325868485
cluster_1_2024-04-02,367.6680425752196
cluster_1_2024-04-03,357.00976318817277
cluster_1_2024-04-04,346.0327500831456
cluster_1_2024-04-05,331.19608340604753
cluster_1_2024-04-06,272.9801975015799
cluster_1_2024-04-07,258.04843247633977
cluster_1_2024-04-08,305.2051264518489
cluster_1_2024-04-09,317.3457305746636
cluster_1_2024-04-10,334.4713261499772
cluster_1_2024-04-11,326.6509440541621
cluster_1_2024-04-12,312.6730424849881
cluster_1_2024-04-13,259.97277521991316
cluster_1_2024-04-14,248.30787668659875
cluster_1_2024-04-15,316.08811422525514
cluster_1_2024-04-16,342.54792698295387
cluster_1_2024-04-17,350.2512126603075
cluster_1_2024-04-18,358.27755307662784
cluster_1_2024-04-19,356.5868433000343
cluster_1_2024-04-20,319.51466715995326
cluster_1_2024-04-21,309.32611303080597
cluster_1_2024-04-22,364.2410935272281
cluster_1_2024-04-23,380.0664670871841
cluster_1_2024-04-24,373.99831724014507
cluster_1_2024-04-25,370.0912697774335
cluster_1_2024-04-26,359.4695727589131
cluster_1_2024-04-27,314.0658326134751
cluster_1_2024-04-28,287.5385801829919
cluster_1_2024-04-29,325.7302387812442
cluster_2_2022-01-01,471.59741450572596
cluster_2_2022-01-02,494.77203395387534
cluster_2_2022-01-03,547.7915092273089
cluster_2_2022-01-04,581.8817398409284
cluster_2_2022-01-05,630.0473807735225
cluster_2_2022-01-06,699.8491262800138
cluster_2_2022-01-07,732.0818791528342
cluster_2_2022-01-08,641.461258350937
cluster_2_2022-01-09,614.497065079761
cluster_2_2022-01-10,698.610464168588
cluster_2_2022-01-11,724.1845805698775
cluster_2_2022-01-12,745.228512382862
cluster_2_2022-01-13,770.9309664170186
cluster_2_2022-01-14,760.9806490307632
cluster_2_2022-01-15,712.1544524075746
cluster_2_2022-01-16,679.1889955040183
cluster_2_2022-01-17,744.2447253190602
cluster_2_2022-01-18,758.0976473513817
cluster_2_2022-01-19,717.5251031784105
cluster_2_2022-01-20,711.4187784971052
cluster_2_2022-01-21,738.7340614364749
cluster_2_2022-01-22,714.9588048816554
cluster_2_2022-01-23,686.0133256395684
cluster_2_2022-01-24,717.0855124960315
cluster_2_2022-01-25,733.9853447058954
cluster_2_2022-01-26,732.8753439986984
cluster_2_2022-01-27,723.3955127512842
cluster_2_2022-01-28,718.2794207981938
cluster_2_2022-01-29,662.3280481759019
cluster_2_2022-01-30,619.8433679894233
cluster_2_2022-01-31,682.6220153721487
cluster_2_2022-02-01,686.1998601554811
cluster_2_2022-02-02,642.907020883031
cluster_2_2022-02-03,652.6094428636364
cluster_2_2022-02-04,641.0381362469085
cluster_2_2022-02-05,597.4224833418245
cluster_2_2022-02-06,604.9811713877951
cluster_2_2022-02-07,646.8610486271357
cluster_2_2022-02-08,673.332499901975
cluster_2_2022-02-09,655.5344108298399
cluster_2_2022-02-10,601.2630228825803
cluster_2_2022-02-11,632.8739883130913
cluster_2_2022-02-12,608.8835295507425
cluster_2_2022-02-13,576.2239890654965
cluster_2_2022-02-14,610.4148888856502
cluster_2_2022-02-15,637.946530041157
cluster_2_2022-02-16,610.7881496278955
cluster_2_2022-02-17,586.4012120586439
cluster_2_2022-02-18,579.0615646146525
cluster_2_2022-02-19,562.4938866411011
cluster_2_2022-02-20,548.0653698624012
cluster_2_2022-02-21,615.4145634976928
cluster_2_2022-02-22,608.9710112031568
cluster_2_2022-02-23,595.4982244302762
cluster_2_2022-02-24,602.9896043150527
cluster_2_2022-02-25,606.6979546904067
cluster_2_2022-02-26,593.9042275418374
cluster_2_2022-02-27,562.3361662216272
cluster_2_2022-02-28,618.615966365247
cluster_2_2022-03-01,615.1872344296486
cluster_2_2022-03-02,583.9303691701817
cluster_2_2022-03-03,577.5642887357978
cluster_2_2022-03-04,589.3377324302579
cluster_2_2022-03-05,555.3891271541108
cluster_2_2022-03-06,558.6525832727789
cluster_2_2022-03-07,631.6092518045888
cluster_2_2022-03-08,623.1732492463212
cluster_2_2022-03-09,585.3454660932146
cluster_2_2022-03-10,565.4279720769534
cluster_2_2022-03-11,561.2643098858391
cluster_2_2022-03-12,528.5603380212418
cluster_2_2022-03-13,509.6741921993015
cluster_2_2022-03-14,564.060261445656
cluster_2_2022-03-15,552.4895369490936
cluster_2_2022-03-16,534.5859941154438
cluster_2_2022-03-17,536.9555896886515
cluster_2_2022-03-18,548.7684305187851
cluster_2_2022-03-19,485.6375599528672
cluster_2_2022-03-20,485.68452292067894
cluster_2_2022-03-21,526.6069066131101
cluster_2_2022-03-22,503.20538943095045
cluster_2_2022-03-23,495.524512813326
cluster_2_2022-03-24,490.9527644955751
cluster_2_2022-03-25,482.77142279561394
cluster_2_2022-03-26,430.3565183495899
cluster_2_2022-03-27,408.73656560646464
cluster_2_2022-03-28,455.70855801010094
cluster_2_2022-03-29,479.65347102641084
cluster_2_2022-03-30,502.6746421538762
cluster_2_2022-03-31,547.6956100233373
cluster_2_2022-04-01,593.4918658225247
cluster_2_2022-04-02,577.1242642651082
cluster_2_2022-04-03,579.7323993832402
cluster_2_2022-04-04,592.536214350028
cluster_2_2022-04-05,621.2841909540018
cluster_2_2022-04-06,586.6450628188403
cluster_2_2022-04-07,552.2925053733892
cluster_2_2022-04-08,531.0662384369092
cluster_2_2022-04-09,491.71888524174346
cluster_2_2022-04-10,451.7439042272159
cluster_2_2022-04-11,484.1093147780838
cluster_2_2022-04-12,480.4627354740783
cluster_2_2022-04-13,489.25759546480816
cluster_2_2022-04-14,468.0678645910156
cluster_2_2022-04-15,453.7843245032931
cluster_2_2022-04-16,407.5137386796152
cluster_2_2022-04-17,383.40992939586744
cluster_2_2022-04-18,435.35090412167204
cluster_2_2022-04-19,453.86655848759403
cluster_2_2022-04-20,456.5500335639369
cluster_2_2022-04-21,463.73971148560827
cluster_2_2022-04-22,451.3995737730036
cluster_2_2022-04-23,409.9787748939476
cluster_2_2022-04-24,384.0173783641381
cluster_2_2022-04-25,451.664347438252
cluster_2_2022-04-26,461.0323024339318
cluster_2_2022-04-27,459.22354711660876
cluster_2_2022-04-28,459.58004181954726
cluster_2_2022-04-29,446.1384718730204
cluster_2_2022-04-30,405.5915233783206
cluster_2_2022-05-01,360.6269542242652
cluster_2_2022-05-02,426.9551824898016
cluster_2_2022-05-03,443.62983794072625
cluster_2_2022-05-04,444.6849778995397
cluster_2_2022-05-05,445.3801051816263
cluster_2_2022-05-06,429.28860780769526
cluster_2_2022-05-07,382.6995911271965
cluster_2_2022-05-08,352.6278812852013
cluster_2_2022-05-09,403.13224651307183
cluster_2_2022-05-10,415.3331306704852
cluster_2_2022-05-11,402.8993930586655
cluster_2_2022-05-12,407.67971074700205
cluster_2_2022-05-13,399.9062142567205
cluster_2_2022-05-14,367.8584786592428
cluster_2_2022-05-15,348.3314706846735
cluster_2_2022-05-16,405.3755326045342
cluster_2_2022-05-17,418.96748026506214
cluster_2_2022-05-18,426.70439738229965
cluster_2_2022-05-19,417.629222677992
cluster_2_2022-05-20,417.1613542111383
cluster_2_2022-05-21,371.88925891975816
cluster_2_2022-05-22,353.5905924251619
cluster_2_2022-05-23,411.4802422560642
cluster_2_2022-05-24,425.32298922814823
cluster_2_2022-05-25,418.2153235544185
cluster_2_2022-05-26,424.1542904788773
cluster_2_2022-05-27,417.618061876684
cluster_2_2022-05-28,366.2986372318897
cluster_2_2022-05-29,344.32168493543264
cluster_2_2022-05-30,405.8569018031927
cluster_2_2022-05-31,416.16319471690156
cluster_2_2022-06-01,423.2230866042041
cluster_2_2022-06-02,424.78471524319446
cluster_2_2022-06-03,418.46538814896314
cluster_2_2022-06-04,378.5274353295862
cluster_2_2022-06-05,351.17979276909176
cluster_2_2022-06-06,407.3936797893953
cluster_2_2022-06-07,422.0185333063472
cluster_2_2022-06-08,420.9992169264364
cluster_2_2022-06-09,418.97162269398166
cluster_2_2022-06-10,416.6397388756408
cluster_2_2022-06-11,379.90758937771216
cluster_2_2022-06-12,361.4810491767257
cluster_2_2022-06-13,430.5112327435836
cluster_2_2022-06-14,446.7346707129461
cluster_2_2022-06-15,453.23967747198316
cluster_2_2022-06-16,463.4883176014945
cluster_2_2022-06-17,459.1930911450696
cluster_2_2022-06-18,402.105162311537
cluster_2_2022-06-19,371.37683585573353
cluster_2_2022-06-20,432.44555006035733
cluster_2_2022-06-21,443.9345199365474
cluster_2_2022-06-22,436.79853236308645
cluster_2_2022-06-23,439.02883743072204
cluster_2_2022-06-24,425.59770930586956
cluster_2_2022-06-25,379.97866783635413
cluster_2_2022-06-26,349.25690124951683
cluster_2_2022-06-27,411.0611565022209
cluster_2_2022-06-28,430.7497940037334
cluster_2_2022-06-29,435.02886695922535
cluster_2_2022-06-30,430.6971323550749
cluster_2_2022-07-01,423.5229636911009
cluster_2_2022-07-02,384.12760500526826
cluster_2_2022-07-03,365.4128826903516
cluster_2_2022-07-04,427.72979480676975
cluster_2_2022-07-05,441.7375476864558
cluster_2_2022-07-06,442.29216547296886
cluster_2_2022-07-07,437.37336907730395
cluster_2_2022-07-08,443.4268111632192
cluster_2_2022-07-09,400.96878194086287
cluster_2_2022-07-10,377.48739931493844
cluster_2_2022-07-11,453.1709393065183
cluster_2_2022-07-12,468.3307106905454
cluster_2_2022-07-13,468.90237410755356
cluster_2_2022-07-14,461.84494705247766
cluster_2_2022-07-15,452.5058938787125
cluster_2_2022-07-16,413.88864471983214
cluster_2_2022-07-17,390.7563391291318
cluster_2_2022-07-18,452.18728795402075
cluster_2_2022-07-19,470.32059643800545
cluster_2_2022-07-20,459.6325767962144
cluster_2_2022-07-21,460.0532613412222
cluster_2_2022-07-22,450.320420722937
cluster_2_2022-07-23,397.5952512163731
cluster_2_2022-07-24,385.8048855620951
cluster_2_2022-07-25,433.9794961736875
cluster_2_2022-07-26,436.8933472674787
cluster_2_2022-07-27,441.5242665109533
cluster_2_2022-07-28,438.4892036803109
cluster_2_2022-07-29,433.6903468153525
cluster_2_2022-07-30,385.5461657945172
cluster_2_2022-07-31,367.96331223943866
cluster_2_2022-08-01,413.28411908572264
cluster_2_2022-08-02,438.8837205156664
cluster_2_2022-08-03,442.9361669193625
cluster_2_2022-08-04,445.233196560291
cluster_2_2022-08-05,429.7752079479778
cluster_2_2022-08-06,389.24030177994604
cluster_2_2022-08-07,372.75861752734926
cluster_2_2022-08-08,416.5669072145763
cluster_2_2022-08-09,430.22998740844935
cluster_2_2022-08-10,434.76437306813733
cluster_2_2022-08-11,434.28672549983395
cluster_2_2022-08-12,434.51932792498866
cluster_2_2022-08-13,396.8924596056956
cluster_2_2022-08-14,359.76986539709054
cluster_2_2022-08-15,383.73523288751034
cluster_2_2022-08-16,404.79717374496073
cluster_2_2022-08-17,404.3938565353906
cluster_2_2022-08-18,407.26939176634875
cluster_2_2022-08-19,404.07140318616604
cluster_2_2022-08-20,374.27814356928934
cluster_2_2022-08-21,354.0478571233119
cluster_2_2022-08-22,402.99856041302814
cluster_2_2022-08-23,425.6827727738062
cluster_2_2022-08-24,436.93866960739433
cluster_2_2022-08-25,435.75281278370267
cluster_2_2022-08-26,434.6521662419275
cluster_2_2022-08-27,390.29402838881566
cluster_2_2022-08-28,370.37785058488083
cluster_2_2022-08-29,433.47218152375615
cluster_2_2022-08-30,445.85533857587
cluster_2_2022-08-31,444.1172899690116
cluster_2_2022-09-01,438.77379922596356
cluster_2_2022-09-02,432.4348033345411
cluster_2_2022-09-03,383.00510508588286
cluster_2_2022-09-04,364.8771171650584
cluster_2_2022-09-05,434.2264836840483
cluster_2_2022-09-06,442.49815693262303
cluster_2_2022-09-07,441.04896351661915
cluster_2_2022-09-08,437.60182319652546
cluster_2_2022-09-09,427.79273347798943
cluster_2_2022-09-10,378.4904709731259
cluster_2_2022-09-11,361.91074920622924
cluster_2_2022-09-12,427.1945304973774
cluster_2_2022-09-13,439.24737370892615
cluster_2_2022-09-14,436.70793970698924
cluster_2_2022-09-15,436.1346765454985
cluster_2_2022-09-16,426.08108774985953
cluster_2_2022-09-17,378.07542061081966
cluster_2_2022-09-18,360.57442315653947
cluster_2_2022-09-19,414.6103083110027
cluster_2_2022-09-20,425.39554652933657
cluster_2_2022-09-21,425.4658457800867
cluster_2_2022-09-22,427.82398194229944
cluster_2_2022-09-23,426.03445257581785
cluster_2_2022-09-24,373.84814894415865
cluster_2_2022-09-25,356.5151747186673
cluster_2_2022-09-26,422.1680439905332
cluster_2_2022-09-27,440.78607721913875
cluster_2_2022-09-28,448.9752485360806
cluster_2_2022-09-29,464.6268649944669
cluster_2_2022-09-30,444.69282195297825
cluster_2_2022-10-01,405.1237072740569
cluster_2_2022-10-02,380.06044519325627
cluster_2_2022-10-03,436.1538821748578
cluster_2_2022-10-04,443.32868468379695
cluster_2_2022-10-05,435.9578079231679
cluster_2_2022-10-06,440.10260350452074
cluster_2_2022-10-07,441.08688258720986
cluster_2_2022-10-08,385.85405708226045
cluster_2_2022-10-09,369.9211889622672
cluster_2_2022-10-10,427.92847074821975
cluster_2_2022-10-11,448.00843008256425
cluster_2_2022-10-12,454.0458923856068
cluster_2_2022-10-13,440.9092944896534
cluster_2_2022-10-14,437.00585767150733
cluster_2_2022-10-15,388.6315188956373
cluster_2_2022-10-16,367.9560213835233
cluster_2_2022-10-17,431.4041116920815
cluster_2_2022-10-18,440.91300812965306
cluster_2_2022-10-19,443.66410463671593
cluster_2_2022-10-20,444.4584817792131
cluster_2_2022-10-21,439.06596938935024
cluster_2_2022-10-22,391.42746756942364
cluster_2_2022-10-23,371.47708218996064
cluster_2_2022-10-24,432.3403456741006
cluster_2_2022-10-25,446.9713254561215
cluster_2_2022-10-26,447.97953361298386
cluster_2_2022-10-27,450.52989595065867
cluster_2_2022-10-28,446.46163451095765
cluster_2_2022-10-29,397.27825961660164
cluster_2_2022-10-30,375.5590933619884
cluster_2_2022-10-31,438.8846696969645
cluster_2_2022-11-01,421.52009583293255
cluster_2_2022-11-02,448.90236324019463
cluster_2_2022-11-03,464.9792730627587
cluster_2_2022-11-04,494.643159362491
cluster_2_2022-11-05,461.35875600598854
cluster_2_2022-11-06,442.5569181518388
cluster_2_2022-11-07,479.66679256332355
cluster_2_2022-11-08,486.16359036578064
cluster_2_2022-11-09,486.1485563985109
cluster_2_2022-11-10,505.14435393679776
cluster_2_2022-11-11,502.5896787790674
cluster_2_2022-11-12,441.2517714641711
cluster_2_2022-11-13,430.70653703003757
cluster_2_2022-11-14,496.4482035027308
cluster_2_2022-11-15,495.7278045137722
cluster_2_2022-11-16,503.25796786274634
cluster_2_2022-11-17,504.7324289386496
cluster_2_2022-11-18,526.0361876293358
cluster_2_2022-11-19,517.5528396402606
cluster_2_2022-11-20,522.9395331793284
cluster_2_2022-11-21,573.802070274033
cluster_2_2022-11-22,592.7863033971772
cluster_2_2022-11-23,590.2050236102236
cluster_2_2022-11-24,582.5809049630788
cluster_2_2022-11-25,590.8983517065656
cluster_2_2022-11-26,573.4167808745161
cluster_2_2022-11-27,542.4110242920059
cluster_2_2022-11-28,603.7068919159456
cluster_2_2022-11-29,629.5844644840936
cluster_2_2022-11-30,655.2328909533754
cluster_2_2022-12-01,678.8306286182992
cluster_2_2022-12-02,708.5815278645704
cluster_2_2022-12-03,649.0805819977758
cluster_2_2022-12-04,624.5564967612847
cluster_2_2022-12-05,692.844662350689
cluster_2_2022-12-06,683.9834685770351
cluster_2_2022-12-07,677.2278096938004
cluster_2_2022-12-08,702.3831316908083
cluster_2_2022-12-09,723.1669662826886
cluster_2_2022-12-10,664.223756204518
cluster_2_2022-12-11,686.5647310012075
cluster_2_2022-12-12,776.1184968127101
cluster_2_2022-12-13,755.2807875091156
cluster_2_2022-12-14,725.0213859869822
cluster_2_2022-12-15,711.3538041122939
cluster_2_2022-12-16,697.0542279113512
cluster_2_2022-12-17,695.2082908251245
cluster_2_2022-12-18,673.7728335035863
cluster_2_2022-12-19,632.2018765177894
cluster_2_2022-12-20,600.8826825418872
cluster_2_2022-12-21,581.1785394625731
cluster_2_2022-12-22,549.1243246903505
cluster_2_2022-12-23,532.9118766248745
cluster_2_2022-12-24,470.99804256198354
cluster_2_2022-12-25,437.49515967948736
cluster_2_2022-12-26,497.23730208979845
cluster_2_2022-12-27,529.2647498327229
cluster_2_2022-12-28,532.8710279331573
cluster_2_2022-12-29,536.0593603967937
cluster_2_2022-12-30,527.8856915103728
cluster_2_2022-12-31,483.90257001281157
cluster_2_2023-01-01,472.1189152727623
cluster_2_2023-01-02,541.1548773869147
cluster_2_2023-01-03,566.0334214405
cluster_2_2023-01-04,587.4107512070763
cluster_2_2023-01-05,595.3389269876634
cluster_2_2023-01-06,593.068467841743
cluster_2_2023-01-07,561.4034990273642
cluster_2_2023-01-08,534.506000669593
cluster_2_2023-01-09,631.1835522687048
cluster_2_2023-01-10,637.6856547519242
cluster_2_2023-01-11,630.7836974731503
cluster_2_2023-01-12,627.9302765095763
cluster_2_2023-01-13,610.857900912229
cluster_2_2023-01-14,562.2482198404051
cluster_2_2023-01-15,559.9182326898092
cluster_2_2023-01-16,665.8717287656483
cluster_2_2023-01-17,716.287384081118
cluster_2_2023-01-18,741.1160723628568
cluster_2_2023-01-19,748.0439866368332
cluster_2_2023-01-20,751.2791812285542
cluster_2_2023-01-21,717.6736024841865
cluster_2_2023-01-22,708.0164730605759
cluster_2_2023-01-23,781.7046952038651
cluster_2_2023-01-24,790.5562201309523
cluster_2_2023-01-25,800.2743110606403
cluster_2_2023-01-26,758.0156062256009
cluster_2_2023-01-27,752.9213146294002
cluster_2_2023-01-28,700.9610505628837
cluster_2_2023-01-29,697.4296802190416
cluster_2_2023-01-30,749.2765305485509
cluster_2_2023-01-31,710.6551945673045
cluster_2_2023-02-01,688.4747649602235
cluster_2_2023-02-02,694.5783826848598
cluster_2_2023-02-03,706.3037082023252
cluster_2_2023-02-04,640.5326999996092
cluster_2_2023-02-05,588.4696311166061
cluster_2_2023-02-06,683.1204751250859
cluster_2_2023-02-07,723.527492819523
cluster_2_2023-02-08,741.6786193058724
cluster_2_2023-02-09,735.2094525366601
cluster_2_2023-02-10,707.4051021279233
cluster_2_2023-02-11,658.8604875226351
cluster_2_2023-02-12,612.4576408097821
cluster_2_2023-02-13,666.8347537573803
cluster_2_2023-02-14,662.9570269616657
cluster_2_2023-02-15,657.6616886738678
cluster_2_2023-02-16,623.048260798468
cluster_2_2023-02-17,604.5203345254066
cluster_2_2023-02-18,523.2288188450317
cluster_2_2023-02-19,501.6682042812822
cluster_2_2023-02-20,569.25909636797
cluster_2_2023-02-21,584.3720499139988
cluster_2_2023-02-22,576.7869479789002
cluster_2_2023-02-23,580.4320750157505
cluster_2_2023-02-24,623.3739298786661
cluster_2_2023-02-25,600.1425414768675
cluster_2_2023-02-26,603.2505130127104
cluster_2_2023-02-27,713.9908206740075
cluster_2_2023-02-28,749.5495329873482
cluster_2_2023-03-01,744.4842626510929
cluster_2_2023-03-02,710.3051922497174
cluster_2_2023-03-03,677.1233836610807
cluster_2_2023-03-04,617.5895868870998
cluster_2_2023-03-05,579.3196930567844
cluster_2_2023-03-06,655.799766948172
cluster_2_2023-03-07,648.7620245564193
cluster_2_2023-03-08,615.2370357830337
cluster_2_2023-03-09,558.8253564703065
cluster_2_2023-03-10,566.3097150542869
cluster_2_2023-03-11,532.3940107498029
cluster_2_2023-03-12,471.84095598116227
cluster_2_2023-03-13,506.69672996171454
cluster_2_2023-03-14,557.7551542414266
cluster_2_2023-03-15,554.8198452163773
cluster_2_2023-03-16,526.867552445241
cluster_2_2023-03-17,517.9380406802974
cluster_2_2023-03-18,465.58702716097326
cluster_2_2023-03-19,454.27400340443614
cluster_2_2023-03-20,522.3086034808103
cluster_2_2023-03-21,535.0532593712203
cluster_2_2023-03-22,512.0092065717031
cluster_2_2023-03-23,489.43042961027976
cluster_2_2023-03-24,494.2861558276494
cluster_2_2023-03-25,443.31695600030054
cluster_2_2023-03-26,450.68401623924933
cluster_2_2023-03-27,508.6467016650851
cluster_2_2023-03-28,530.564620541532
cluster_2_2023-03-29,490.84465503859496
cluster_2_2023-03-30,483.7081352258604
cluster_2_2023-03-31,493.2482470090089
cluster_2_2023-04-01,469.34117664839374
cluster_2_2023-04-02,472.03634969359433
cluster_2_2023-04-03,518.3557289799797
cluster_2_2023-04-04,547.4869362339476
cluster_2_2023-04-05,535.5893979607545
cluster_2_2023-04-06,532.6904658872428
cluster_2_2023-04-07,510.4975655015315
cluster_2_2023-04-08,462.4112507335432
cluster_2_2023-04-09,419.5645350462385
cluster_2_2023-04-10,459.2495697262383
cluster_2_2023-04-11,473.77810525993056
cluster_2_2023-04-12,482.64714086296885
cluster_2_2023-04-13,500.4147710816692
cluster_2_2023-04-14,521.4328241258578
cluster_2_2023-04-15,453.23767172744704
cluster_2_2023-04-16,431.6618341982582
cluster_2_2023-04-17,494.0599697470412
cluster_2_2023-04-18,489.40810653728084
cluster_2_2023-04-19,476.80844359979096
cluster_2_2023-04-20,470.0236904268854
cluster_2_2023-04-21,458.98058883781965
cluster_2_2023-04-22,422.54128167333397
cluster_2_2023-04-23,393.33996346018614
cluster_2_2023-04-24,452.6070308954089
cluster_2_2023-04-25,487.94406150006444
cluster_2_2023-04-26,488.24196959563477
cluster_2_2023-04-27,469.754476164677
cluster_2_2023-04-28,448.4464764333484
cluster_2_2023-04-29,401.1466303440945
cluster_2_2023-04-30,394.3547017276668
cluster_2_2023-05-01,396.7258790175773
cluster_2_2023-05-02,437.98998014290004
cluster_2_2023-05-03,433.0356354578416
cluster_2_2023-05-04,423.8006050089162
cluster_2_2023-05-05,414.6980605782703
cluster_2_2023-05-06,367.4020531317876
cluster_2_2023-05-07,352.0182856470567
cluster_2_2023-05-08,391.09894108797863
cluster_2_2023-05-09,426.99526149164586
cluster_2_2023-05-10,444.5773301485712
cluster_2_2023-05-11,441.45319827803496
cluster_2_2023-05-12,439.4123605386948
cluster_2_2023-05-13,392.93898571468054
cluster_2_2023-05-14,372.5649615249797
cluster_2_2023-05-15,438.1894323975284
cluster_2_2023-05-16,463.9836289279151
cluster_2_2023-05-17,461.28569139089063
cluster_2_2023-05-18,462.89108511246513
cluster_2_2023-05-19,451.72012332292127
cluster_2_2023-05-20,399.0954834805861
cluster_2_2023-05-21,372.80092515476235
cluster_2_2023-05-22,416.3030731223387
cluster_2_2023-05-23,435.9518995189935
cluster_2_2023-05-24,439.25683589271296
cluster_2_2023-05-25,427.3748348747725
cluster_2_2023-05-26,415.5298059718219
cluster_2_2023-05-27,371.6353527180795
cluster_2_2023-05-28,341.87518738754176
cluster_2_2023-05-29,399.1309356178931
cluster_2_2023-05-30,417.51121082903035
cluster_2_2023-05-31,417.0235935699052
cluster_2_2023-06-01,419.04273109961855
cluster_2_2023-06-02,417.94751060917065
cluster_2_2023-06-03,371.06625843109106
cluster_2_2023-06-04,349.05777166276727
cluster_2_2023-06-05,403.72587416576164
cluster_2_2023-06-06,423.17276723905013
cluster_2_2023-06-07,425.1448954013164
cluster_2_2023-06-08,427.9335767861104
cluster_2_2023-06-09,422.00391082398227
cluster_2_2023-06-10,379.12597514272005
cluster_2_2023-06-11,359.8053364521691
cluster_2_2023-06-12,423.7301604440872
cluster_2_2023-06-13,435.6437768655119
cluster_2_2023-06-14,432.4041498245612
cluster_2_2023-06-15,433.1727224679218
cluster_2_2023-06-16,425.83509451189434
cluster_2_2023-06-17,384.5723273862003
cluster_2_2023-06-18,359.35271624268483
cluster_2_2023-06-19,415.1745517278292
cluster_2_2023-06-20,430.5874507992652
cluster_2_2023-06-21,433.781296317455
cluster_2_2023-06-22,429.7805897251846
cluster_2_2023-06-23,429.22260171820176
cluster_2_2023-06-24,387.1749659132487
cluster_2_2023-06-25,365.15163777437687
cluster_2_2023-06-26,424.83183532944963
cluster_2_2023-06-27,437.5970815006871
cluster_2_2023-06-28,438.33814123567527
cluster_2_2023-06-29,434.41714036662165
cluster_2_2023-06-30,423.6926850065847
cluster_2_2023-07-01,379.34220782372614
cluster_2_2023-07-02,352.9343681173379
cluster_2_2023-07-03,415.44601071896216
cluster_2_2023-07-04,433.4959331214877
cluster_2_2023-07-05,434.01713556366013
cluster_2_2023-07-06,439.972038995525
cluster_2_2023-07-07,437.52958160603237
cluster_2_2023-07-08,400.80760527911303
cluster_2_2023-07-09,375.3730390786989
cluster_2_2023-07-10,452.95029194922546
cluster_2_2023-07-11,465.8915021619589
cluster_2_2023-07-12,449.41554093188506
cluster_2_2023-07-13,439.4447970121516
cluster_2_2023-07-14,430.6848318143827
cluster_2_2023-07-15,382.89857228916117
cluster_2_2023-07-16,365.7869655486148
cluster_2_2023-07-17,437.74187650735587
cluster_2_2023-07-18,459.4734866284413
cluster_2_2023-07-19,456.8917928438576
cluster_2_2023-07-20,453.8722668659422
cluster_2_2023-07-21,438.87841311943805
cluster_2_2023-07-22,387.9667861481651
cluster_2_2023-07-23,372.14680416749843
cluster_2_2023-07-24,425.0505333525935
cluster_2_2023-07-25,427.73550996076096
cluster_2_2023-07-26,429.98851670868356
cluster_2_2023-07-27,437.45235822846877
cluster_2_2023-07-28,426.46078824063835
cluster_2_2023-07-29,389.2208968557217
cluster_2_2023-07-30,359.00310721771575
cluster_2_2023-07-31,410.3211929539187
cluster_2_2023-08-01,406.4040900760262
cluster_2_2023-08-02,415.3655047957434
cluster_2_2023-08-03,404.7656029929136
cluster_2_2023-08-04,400.6014017496374
cluster_2_2023-08-05,358.8469813746624
cluster_2_2023-08-06,336.2526050421952
cluster_2_2023-08-07,379.8409034700601
cluster_2_2023-08-08,398.27450699365465
cluster_2_2023-08-09,407.4140359935512
cluster_2_2023-08-10,406.80941261070393
cluster_2_2023-08-11,415.93936086817223
cluster_2_2023-08-12,377.6334096316284
cluster_2_2023-08-13,359.3303983144035
cluster_2_2023-08-14,402.58760605909777
cluster_2_2023-08-15,402.5270121788287
cluster_2_2023-08-16,408.7744722284238
cluster_2_2023-08-17,420.0580666483215
cluster_2_2023-08-18,423.1409979065797
cluster_2_2023-08-19,391.4227054326823
cluster_2_2023-08-20,378.0034040125628
cluster_2_2023-08-21,434.19513204883884
cluster_2_2023-08-22,447.8439314888218
cluster_2_2023-08-23,448.52746683386613
cluster_2_2023-08-24,446.0868069390396
cluster_2_2023-08-25,424.6077959440019
cluster_2_2023-08-26,374.14639731814964
cluster_2_2023-08-27,350.23709043482194
cluster_2_2023-08-28,407.79615563847864
cluster_2_2023-08-29,420.9118826009456
cluster_2_2023-08-30,424.5292082905075
cluster_2_2023-08-31,425.96472042019417
cluster_2_2023-09-01,425.9764217303206
cluster_2_2023-09-02,377.02749492161985
cluster_2_2023-09-03,361.07304921321224
cluster_2_2023-09-04,432.7104929531864
cluster_2_2023-09-05,445.44108617085385
cluster_2_2023-09-06,447.28036231132126
cluster_2_2023-09-07,448.77668097910487
cluster_2_2023-09-08,447.5746682213047
cluster_2_2023-09-09,395.5785847122434
cluster_2_2023-09-10,371.9501993791938
cluster_2_2023-09-11,436.87093629594074
cluster_2_2023-09-12,439.5982239445938
cluster_2_2023-09-13,433.1417554639039
cluster_2_2023-09-14,433.46590493684687
cluster_2_2023-09-15,429.2734689712418
cluster_2_2023-09-16,381.5222885963844
cluster_2_2023-09-17,359.30565056503303
cluster_2_2023-09-18,416.293099384131
cluster_2_2023-09-19,422.80798728586143
cluster_2_2023-09-20,427.2280946737747
cluster_2_2023-09-21,428.3888838822423
cluster_2_2023-09-22,420.28166468978395
cluster_2_2023-09-23,372.20978211242743
cluster_2_2023-09-24,361.1021276484444
cluster_2_2023-09-25,418.96311683176674
cluster_2_2023-09-26,427.0907845817881
cluster_2_2023-09-27,429.9235107201797
cluster_2_2023-09-28,433.45576757544774
cluster_2_2023-09-29,428.55044986895416
cluster_2_2023-09-30,381.2748061264667
cluster_2_2023-10-01,365.8147688086921
cluster_2_2023-10-02,426.8497769634041
cluster_2_2023-10-03,435.9115926350095
cluster_2_2023-10-04,432.1214876765187
cluster_2_2023-10-05,436.3953001571209
cluster_2_2023-10-06,432.5434940747682
cluster_2_2023-10-07,384.74215746071417
cluster_2_2023-10-08,364.2388408902296
cluster_2_2023-10-09,427.51291031620804
cluster_2_2023-10-10,436.0146685760557
cluster_2_2023-10-11,439.68030347002957
cluster_2_2023-10-12,440.0686548113508
cluster_2_2023-10-13,433.65917683578004
cluster_2_2023-10-14,384.9662949606779
cluster_2_2023-10-15,375.28008735753144
cluster_2_2023-10-16,451.00540344954004
cluster_2_2023-10-17,451.94157812647796
cluster_2_2023-10-18,447.4752531986416
cluster_2_2023-10-19,442.7132066119501
cluster_2_2023-10-20,439.07064930426156
cluster_2_2023-10-21,398.7160305090532
cluster_2_2023-10-22,390.78517602511454
cluster_2_2023-10-23,453.93770828318804
cluster_2_2023-10-24,461.1052852458349
cluster_2_2023-10-25,469.80782757812096
cluster_2_2023-10-26,474.50962060164284
cluster_2_2023-10-27,470.84945638376786
cluster_2_2023-10-28,426.81378426679674
cluster_2_2023-10-29,405.14848528735604
cluster_2_2023-10-30,471.0040538955985
cluster_2_2023-10-31,484.4105254398139
cluster_2_2023-11-01,463.7380679448213
cluster_2_2023-11-02,513.818615525341
cluster_2_2023-11-03,542.7356734740887
cluster_2_2023-11-04,497.1783327226053
cluster_2_2023-11-05,464.4567444634272
cluster_2_2023-11-06,543.7298043925967
cluster_2_2023-11-07,557.182538640137
cluster_2_2023-11-08,559.9600626792482
cluster_2_2023-11-09,561.4411158576895
cluster_2_2023-11-10,555.7764802558362
cluster_2_2023-11-11,492.5615115121125
cluster_2_2023-11-12,478.33857979570695
cluster_2_2023-11-13,510.1869906732706
cluster_2_2023-11-14,506.56083398840957
cluster_2_2023-11-15,513.8977594758472
cluster_2_2023-11-16,515.998667938187
cluster_2_2023-11-17,537.165465570276
cluster_2_2023-11-18,477.23602003876465
cluster_2_2023-11-19,441.51427538776966
cluster_2_2023-11-20,513.0219507402766
cluster_2_2023-11-21,538.9304403064793
cluster_2_2023-11-22,611.8368132638357
cluster_2_2023-11-23,611.2701025269449
cluster_2_2023-11-24,602.2708765933703
cluster_2_2023-11-25,583.0795948050178
cluster_2_2023-11-26,598.9746375318961
cluster_2_2023-11-27,653.4435123684683
cluster_2_2023-11-28,655.758696320862
cluster_2_2023-11-29,655.0822047542669
cluster_2_2023-11-30,657.8992446383976
cluster_2_2023-12-01,698.5815643660426
cluster_2_2023-12-02,667.086323410225
cluster_2_2023-12-03,655.1838371529805
cluster_2_2023-12-04,679.0633870706423
cluster_2_2023-12-05,651.9784486592699
cluster_2_2023-12-06,697.705431871276
cluster_2_2023-12-07,702.8753692167276
cluster_2_2023-12-08,652.7072275781463
cluster_2_2023-12-09,571.8416735972638
cluster_2_2023-12-10,523.9883303287681
cluster_2_2023-12-11,563.7517297970292
cluster_2_2023-12-12,582.784760394258
cluster_2_2023-12-13,605.6750934524205
cluster_2_2023-12-14,651.4069498429674
cluster_2_2023-12-15,656.7899491941431
cluster_2_2023-12-16,615.5798512890608
cluster_2_2023-12-17,621.9058215274858
cluster_2_2023-12-18,699.4993459273446
cluster_2_2023-12-19,683.3542019086899
cluster_2_2023-12-20,672.200738784878
cluster_2_2023-12-21,637.7050951238266
cluster_2_2023-12-22,608.4647689648451
cluster_2_2023-12-23,553.2087491901424
cluster_2_2023-12-24,513.0288286938945
cluster_2_2023-12-25,552.0171546363167
cluster_2_2023-12-26,580.2481465531405
cluster_2_2023-12-27,596.4125037133127
cluster_2_2023-12-28,570.4659013850973
cluster_2_2023-12-29,558.8997847829944
cluster_2_2023-12-30,526.8432424038728
cluster_2_2023-12-31,529.2109257662485
cluster_2_2024-01-01,549.6701076399569
cluster_2_2024-01-02,595.0362160657811
cluster_2_2024-01-03,591.1553023995126
cluster_2_2024-01-04,590.5881324482856
cluster_2_2024-01-05,619.8052975244534
cluster_2_2024-01-06,616.2993311689881
cluster_2_2024-01-07,661.7723693397301
cluster_2_2024-01-08,773.5021327317226
cluster_2_2024-01-09,813.7907177843751
cluster_2_2024-01-10,830.8215630465351
cluster_2_2024-01-11,829.3709673090233
cluster_2_2024-01-12,802.814171948644
cluster_2_2024-01-13,715.0413526622049
cluster_2_2024-01-14,650.2076738136593
cluster_2_2024-01-15,706.344942291417
cluster_2_2024-01-16,718.8346187059815
cluster_2_2024-01-17,677.8211522838973
cluster_2_2024-01-18,650.3767673664829
cluster_2_2024-01-19,707.7798222208837
cluster_2_2024-01-20,703.7269398551497
cluster_2_2024-01-21,650.284384584164
cluster_2_2024-01-22,636.4234207478204
cluster_2_2024-01-23,621.7330561888617
cluster_2_2024-01-24,592.0768968631319
cluster_2_2024-01-25,598.9284485324474
cluster_2_2024-01-26,616.2531923816329
cluster_2_2024-01-27,593.7024530885185
cluster_2_2024-01-28,569.3406633139347
cluster_2_2024-01-29,609.730043962429
cluster_2_2024-01-30,585.134413494475
cluster_2_2024-01-31,592.9001549843047
cluster_2_2024-02-01,605.0927125309864
cluster_2_2024-02-02,617.4854204029407
cluster_2_2024-02-03,557.5317324165492
cluster_2_2024-02-04,557.2564365560419
cluster_2_2024-02-05,626.1867513564198
cluster_2_2024-02-06,628.8157328463448
cluster_2_2024-02-07,637.0666850262159
cluster_2_2024-02-08,598.2188844863166
cluster_2_2024-02-09,567.9796113101803
cluster_2_2024-02-10,539.2507455795426
cluster_2_2024-02-11,542.784845433244
cluster_2_2024-02-12,617.219618350652
cluster_2_2024-02-13,635.0935409086435
cluster_2_2024-02-14,582.3408074134352
cluster_2_2024-02-15,556.1403717613568
cluster_2_2024-02-16,548.5293122363344
cluster_2_2024-02-17,528.1353405043276
cluster_2_2024-02-18,527.6021921623586
cluster_2_2024-02-19,572.6786281759647
cluster_2_2024-02-20,589.3670772321061
cluster_2_2024-02-21,591.8239917712572
cluster_2_2024-02-22,590.4479715117894
cluster_2_2024-02-23,615.5741952890609
cluster_2_2024-02-24,595.8180001291496
cluster_2_2024-02-25,577.1975644462439
cluster_2_2024-02-26,636.4145276042018
cluster_2_2024-02-27,648.9413505109707
cluster_2_2024-02-28,664.4807600537317
cluster_2_2024-02-29,635.4362804203329
cluster_2_2024-03-01,610.1429233817258
cluster_2_2024-03-02,543.4645439617777
cluster_2_2024-03-03,538.9325757293168
cluster_2_2024-03-04,628.3704253302751
cluster_2_2024-03-05,624.9424312289681
cluster_2_2024-03-06,623.343663831238
cluster_2_2024-03-07,611.8345586175061
cluster_2_2024-03-08,596.3026711439835
cluster_2_2024-03-09,529.457561145435
cluster_2_2024-03-10,514.0261601641749
cluster_2_2024-03-11,578.1572585598966
cluster_2_2024-03-12,578.4029369380469
cluster_2_2024-03-13,565.708614285668
cluster_2_2024-03-14,538.667042643763
cluster_2_2024-03-15,502.6456044171571
cluster_2_2024-03-16,457.1062946030605
cluster_2_2024-03-17,437.78355071215924
cluster_2_2024-03-18,476.0857428423439
cluster_2_2024-03-19,477.29744059374855
cluster_2_2024-03-20,475.9561802483231
cluster_2_2024-03-21,477.31132793128336
cluster_2_2024-03-22,468.35583128148073
cluster_2_2024-03-23,446.82860051260184
cluster_2_2024-03-24,443.4686050272785
cluster_2_2024-03-25,514.9250472234855
cluster_2_2024-03-26,537.5799452132638
cluster_2_2024-03-27,539.458682761614
cluster_2_2024-03-28,525.3982695060499
cluster_2_2024-03-29,508.7267034697426
cluster_2_2024-03-30,466.3302578457774
cluster_2_2024-03-31,449.43819402036456
cluster_2_2024-04-01,494.04728799179117
cluster_2_2024-04-02,508.9094713044496
cluster_2_2024-04-03,491.97399761441017
cluster_2_2024-04-04,477.6706280409889
cluster_2_2024-04-05,462.59675611939815
cluster_2_2024-04-06,414.69080392433824
cluster_2_2024-04-07,391.13615420687887
cluster_2_2024-04-08,441.1660355440975
cluster_2_2024-04-09,474.52526766394584
cluster_2_2024-04-10,508.48986400422797
cluster_2_2024-04-11,495.10883468631874
cluster_2_2024-04-12,471.69029527659615
cluster_2_2024-04-13,393.2709750264822
cluster_2_2024-04-14,370.8912732205514
cluster_2_2024-04-15,432.1736345406974
cluster_2_2024-04-16,485.3468645864301
cluster_2_2024-04-17,507.49342562867196
cluster_2_2024-04-18,524.5078288834578
cluster_2_2024-04-19,505.72844532822427
cluster_2_2024-04-20,444.3621158641684
cluster_2_2024-04-21,442.87705044718933
cluster_2_2024-04-22,521.542982199841
cluster_2_2024-04-23,553.4249900670724
cluster_2_2024-04-24,551.7137501975336
cluster_2_2024-04-25,553.1492145239281
cluster_2_2024-04-26,512.7490679035518
cluster_2_2024-04-27,468.7696201777911
cluster_2_2024-04-28,423.31092160390233
cluster_2_2024-04-29,482.5663280728533
cluster_3_2022-01-01,650.913219360233
cluster_3_2022-01-02,682.1912100373097
cluster_3_2022-01-03,727.409706214878
cluster_3_2022-01-04,752.182271453149
cluster_3_2022-01-05,797.9605670370978
cluster_3_2022-01-06,898.2636607875639
cluster_3_2022-01-07,935.3606571883619
cluster_3_2022-01-08,861.0323079316038
cluster_3_2022-01-09,830.0399925728062
cluster_3_2022-01-10,920.1078010601339
cluster_3_2022-01-11,952.7397498891917
cluster_3_2022-01-12,987.1564089210199
cluster_3_2022-01-13,984.8041669243505
cluster_3_2022-01-14,965.1546707713156
cluster_3_2022-01-15,908.6541528745029
cluster_3_2022-01-16,892.8853426473777
cluster_3_2022-01-17,929.1121009778193
cluster_3_2022-01-18,923.7315542750557
cluster_3_2022-01-19,947.692140861294
cluster_3_2022-01-20,933.6999203550272
cluster_3_2022-01-21,953.8491413031994
cluster_3_2022-01-22,882.5911993483185
cluster_3_2022-01-23,858.2743110132509
cluster_3_2022-01-24,942.6648285840307
cluster_3_2022-01-25,955.7567056909526
cluster_3_2022-01-26,981.9183704970504
cluster_3_2022-01-27,963.3405686536648
cluster_3_2022-01-28,947.9637044209466
cluster_3_2022-01-29,857.3823613354336
cluster_3_2022-01-30,815.425931721433
cluster_3_2022-01-31,901.006545445401
cluster_3_2022-02-01,916.097625393759
cluster_3_2022-02-02,886.024579644914
cluster_3_2022-02-03,865.3613498931354
cluster_3_2022-02-04,843.8030795689841
cluster_3_2022-02-05,828.6585837271801
cluster_3_2022-02-06,810.5381386017254
cluster_3_2022-02-07,872.2975533206412
cluster_3_2022-02-08,904.9641486043902
cluster_3_2022-02-09,862.6132999310711
cluster_3_2022-02-10,849.410813926836
cluster_3_2022-02-11,863.8612037425323
cluster_3_2022-02-12,811.2453080358597
cluster_3_2022-02-13,766.8496472263877
cluster_3_2022-02-14,854.065961628251
cluster_3_2022-02-15,862.4404284827485
cluster_3_2022-02-16,865.8229654955933
cluster_3_2022-02-17,808.1047306872509
cluster_3_2022-02-18,786.9250076187501
cluster_3_2022-02-19,763.4180372351955
cluster_3_2022-02-20,749.1604924388195
cluster_3_2022-02-21,834.8454778896547
cluster_3_2022-02-22,841.7727550490132
cluster_3_2022-02-23,812.0989805602342
cluster_3_2022-02-24,824.6907290817395
cluster_3_2022-02-25,843.3554540094214
cluster_3_2022-02-26,821.3085440215839
cluster_3_2022-02-27,777.4794274589965
cluster_3_2022-02-28,828.7905056378231
cluster_3_2022-03-01,823.861988804418
cluster_3_2022-03-02,819.4689073119715
cluster_3_2022-03-03,854.64201894908
cluster_3_2022-03-04,853.1884912919516
cluster_3_2022-03-05,805.3342836084054
cluster_3_2022-03-06,784.8601048308568
cluster_3_2022-03-07,863.0127143589932
cluster_3_2022-03-08,900.9274856313003
cluster_3_2022-03-09,863.3225557256446
cluster_3_2022-03-10,856.471779716509
cluster_3_2022-03-11,851.3499127313898
cluster_3_2022-03-12,748.6145716062797
cluster_3_2022-03-13,748.6118927299915
cluster_3_2022-03-14,787.142273063243
cluster_3_2022-03-15,764.8338176389094
cluster_3_2022-03-16,742.8425955679228
cluster_3_2022-03-17,749.7253656371339
cluster_3_2022-03-18,750.6600481168804
cluster_3_2022-03-19,679.568103221644
cluster_3_2022-03-20,646.2834059246263
cluster_3_2022-03-21,690.7824012949911
cluster_3_2022-03-22,716.7507111009761
cluster_3_2022-03-23,721.2141987479539
cluster_3_2022-03-24,700.4838600462878
cluster_3_2022-03-25,687.8931394883551
cluster_3_2022-03-26,630.0445399264552
cluster_3_2022-03-27,597.0331048401115
cluster_3_2022-03-28,652.6915962868684
cluster_3_2022-03-29,675.8694867737751
cluster_3_2022-03-30,703.4451626606223
cluster_3_2022-03-31,726.7715193907101
cluster_3_2022-04-01,773.9076613706787
cluster_3_2022-04-02,769.9367429010932
cluster_3_2022-04-03,745.8982589369081
cluster_3_2022-04-04,795.054359034468
cluster_3_2022-04-05,804.8378266325819
cluster_3_2022-04-06,789.7115129567401
cluster_3_2022-04-07,777.4784281096037
cluster_3_2022-04-08,737.8300125328383
cluster_3_2022-04-09,715.6692816013393
cluster_3_2022-04-10,668.3805096267938
cluster_3_2022-04-11,693.3880483416435
cluster_3_2022-04-12,679.1334696869742
cluster_3_2022-04-13,658.6718734413404
cluster_3_2022-04-14,640.0907023433325
cluster_3_2022-04-15,623.8714520762076
cluster_3_2022-04-16,563.2068024009619
cluster_3_2022-04-17,559.405243082615
cluster_3_2022-04-18,610.4055335647719
cluster_3_2022-04-19,649.0873378887022
cluster_3_2022-04-20,660.0882719690416
cluster_3_2022-04-21,658.1726950067799
cluster_3_2022-04-22,641.7748887251148
cluster_3_2022-04-23,610.5522396319817
cluster_3_2022-04-24,598.8689598829756
cluster_3_2022-04-25,648.2102307181773
cluster_3_2022-04-26,661.4735861043246
cluster_3_2022-04-27,651.3122242255463
cluster_3_2022-04-28,661.1549474465617
cluster_3_2022-04-29,637.5519028871216
cluster_3_2022-04-30,577.1986535023392
cluster_3_2022-05-01,522.8352029510723
cluster_3_2022-05-02,604.6674211720759
cluster_3_2022-05-03,627.9276596054299
cluster_3_2022-05-04,618.3025997292335
cluster_3_2022-05-05,623.9860302616881
cluster_3_2022-05-06,615.9597555791253
cluster_3_2022-05-07,566.3207836974891
cluster_3_2022-05-08,518.0809662373593
cluster_3_2022-05-09,571.9652325571136
cluster_3_2022-05-10,583.358753709612
cluster_3_2022-05-11,588.9221690656307
cluster_3_2022-05-12,584.0093570130563
cluster_3_2022-05-13,576.5659009261075
cluster_3_2022-05-14,542.4290685597698
cluster_3_2022-05-15,513.9800425832454
cluster_3_2022-05-16,578.7345757109332
cluster_3_2022-05-17,598.8940152176857
cluster_3_2022-05-18,591.0617219326612
cluster_3_2022-05-19,595.0812108628782
cluster_3_2022-05-20,600.3756860648524
cluster_3_2022-05-21,553.0202092471357
cluster_3_2022-05-22,522.4341184948864
cluster_3_2022-05-23,590.4096294061438
cluster_3_2022-05-24,603.0699172371524
cluster_3_2022-05-25,599.6553594026477
cluster_3_2022-05-26,600.9204859825534
cluster_3_2022-05-27,595.0214426798335
cluster_3_2022-05-28,541.4975212400005
cluster_3_2022-05-29,512.6337050834244
cluster_3_2022-05-30,579.1751830520858
cluster_3_2022-05-31,594.1577769326467
cluster_3_2022-06-01,601.7269856452596
cluster_3_2022-06-02,599.8235595769041
cluster_3_2022-06-03,600.4110515854586
cluster_3_2022-06-04,548.308624574787
cluster_3_2022-06-05,522.9809021791216
cluster_3_2022-06-06,583.6734254129377
cluster_3_2022-06-07,600.2554898221056
cluster_3_2022-06-08,605.0979848018231
cluster_3_2022-06-09,602.1898320391932
cluster_3_2022-06-10,601.7546434426573
cluster_3_2022-06-11,552.8023313503172
cluster_3_2022-06-12,527.1684657751274
cluster_3_2022-06-13,608.6031168480542
cluster_3_2022-06-14,633.4974190451433
cluster_3_2022-06-15,639.5836657523478
cluster_3_2022-06-16,659.0027474712821
cluster_3_2022-06-17,648.4415850456536
cluster_3_2022-06-18,593.0053626171217
cluster_3_2022-06-19,557.7950213211053
cluster_3_2022-06-20,622.7589785486091
cluster_3_2022-06-21,628.3324278687804
cluster_3_2022-06-22,633.3879215508874
cluster_3_2022-06-23,628.3052685303826
cluster_3_2022-06-24,619.9441236087055
cluster_3_2022-06-25,564.1399102135565
cluster_3_2022-06-26,535.4545274193293
cluster_3_2022-06-27,614.6513145945088
cluster_3_2022-06-28,628.6049955579119
cluster_3_2022-06-29,633.1243121467455
cluster_3_2022-06-30,633.0111293321238
cluster_3_2022-07-01,621.1319018980973
cluster_3_2022-07-02,571.8674336267904
cluster_3_2022-07-03,549.1540784374885
cluster_3_2022-07-04,632.4844325504968
cluster_3_2022-07-05,650.2586610617855
cluster_3_2022-07-06,657.8434699219067
cluster_3_2022-07-07,653.0292445498753
cluster_3_2022-07-08,643.8594574376945
cluster_3_2022-07-09,591.5771997769893
cluster_3_2022-07-10,559.2010842901371
cluster_3_2022-07-11,640.2783689718851
cluster_3_2022-07-12,665.870609619317
cluster_3_2022-07-13,664.8015293098617
cluster_3_2022-07-14,648.4663625520142
cluster_3_2022-07-15,638.9821790195668
cluster_3_2022-07-16,599.493397998059
cluster_3_2022-07-17,573.4035059122976
cluster_3_2022-07-18,650.5607072994845
cluster_3_2022-07-19,684.6240317590783
cluster_3_2022-07-20,675.7241980262032
cluster_3_2022-07-21,668.9146151840139
cluster_3_2022-07-22,664.0394461192748
cluster_3_2022-07-23,593.3924857534212
cluster_3_2022-07-24,580.0178266407337
cluster_3_2022-07-25,638.894266959838
cluster_3_2022-07-26,640.5549138252474
cluster_3_2022-07-27,650.3183838717932
cluster_3_2022-07-28,648.426749950623
cluster_3_2022-07-29,635.9377695195394
cluster_3_2022-07-30,581.9594779541524
cluster_3_2022-07-31,557.5356167345332
cluster_3_2022-08-01,602.3778707353397
cluster_3_2022-08-02,635.5897959977653
cluster_3_2022-08-03,632.9517886113348
cluster_3_2022-08-04,640.6457732970649
cluster_3_2022-08-05,613.534648896454
cluster_3_2022-08-06,576.8945487232759
cluster_3_2022-08-07,545.6872616476562
cluster_3_2022-08-08,585.9495483723817
cluster_3_2022-08-09,609.4797198497175
cluster_3_2022-08-10,619.1715393186288
cluster_3_2022-08-11,622.4032626725738
cluster_3_2022-08-12,618.9718548645467
cluster_3_2022-08-13,568.9525722019259
cluster_3_2022-08-14,533.273229327555
cluster_3_2022-08-15,559.5536171375479
cluster_3_2022-08-16,578.2992607662716
cluster_3_2022-08-17,582.7225197424308
cluster_3_2022-08-18,590.9366787779035
cluster_3_2022-08-19,585.7139676306145
cluster_3_2022-08-20,554.3569332410617
cluster_3_2022-08-21,527.7149748767793
cluster_3_2022-08-22,598.3150238277111
cluster_3_2022-08-23,624.9640371715806
cluster_3_2022-08-24,628.5328096214214
cluster_3_2022-08-25,633.225679808628
cluster_3_2022-08-26,636.1441688028898
cluster_3_2022-08-27,576.0244580926964
cluster_3_2022-08-28,545.5018846297833
cluster_3_2022-08-29,625.4663354920663
cluster_3_2022-08-30,639.1402985433114
cluster_3_2022-08-31,642.638797773704
cluster_3_2022-09-01,633.2559049273641
cluster_3_2022-09-02,622.3443529073122
cluster_3_2022-09-03,568.0987164886818
cluster_3_2022-09-04,547.1303893223954
cluster_3_2022-09-05,621.7963865901054
cluster_3_2022-09-06,638.680385224738
cluster_3_2022-09-07,634.6744856942731
cluster_3_2022-09-08,632.8502413409977
cluster_3_2022-09-09,620.7828936079818
cluster_3_2022-09-10,561.9570090001952
cluster_3_2022-09-11,539.3069257168835
cluster_3_2022-09-12,621.9745029962404
cluster_3_2022-09-13,630.8400683465651
cluster_3_2022-09-14,632.0846628324952
cluster_3_2022-09-15,630.1177963946061
cluster_3_2022-09-16,614.631187520132
cluster_3_2022-09-17,559.8225461033129
cluster_3_2022-09-18,528.5421877031802
cluster_3_2022-09-19,596.5308540194118
cluster_3_2022-09-20,616.8338578220385
cluster_3_2022-09-21,617.6714275211941
cluster_3_2022-09-22,626.8201217628947
cluster_3_2022-09-23,618.4319123531448
cluster_3_2022-09-24,557.688374830635
cluster_3_2022-09-25,533.8414555387496
cluster_3_2022-09-26,614.833048384026
cluster_3_2022-09-27,637.2085077815641
cluster_3_2022-09-28,639.2540371848045
cluster_3_2022-09-29,644.3974865329327
cluster_3_2022-09-30,641.4426532060376
cluster_3_2022-10-01,588.7276996500898
cluster_3_2022-10-02,564.3814022450421
cluster_3_2022-10-03,625.2847580037952
cluster_3_2022-10-04,633.8638312876437
cluster_3_2022-10-05,632.1827238172697
cluster_3_2022-10-06,635.5279298781711
cluster_3_2022-10-07,634.031719271123
cluster_3_2022-10-08,573.7937123743648
cluster_3_2022-10-09,548.2625404828336
cluster_3_2022-10-10,613.3615026427258
cluster_3_2022-10-11,636.3975791518029
cluster_3_2022-10-12,638.4510038087377
cluster_3_2022-10-13,637.8015704788025
cluster_3_2022-10-14,640.2938554425936
cluster_3_2022-10-15,576.5942160348635
cluster_3_2022-10-16,551.1896619943351
cluster_3_2022-10-17,619.707049700278
cluster_3_2022-10-18,636.3790704859387
cluster_3_2022-10-19,640.7586618713584
cluster_3_2022-10-20,640.0083288719217
cluster_3_2022-10-21,635.5876144168162
cluster_3_2022-10-22,578.1138012687378
cluster_3_2022-10-23,551.4621369484844
cluster_3_2022-10-24,629.0494503546979
cluster_3_2022-10-25,645.1520663468721
cluster_3_2022-10-26,648.6093603436483
cluster_3_2022-10-27,651.4381463337336
cluster_3_2022-10-28,643.3739646683352
cluster_3_2022-10-29,587.9573430097306
cluster_3_2022-10-30,562.4164753732791
cluster_3_2022-10-31,639.904281205117
cluster_3_2022-11-01,616.1127864733286
cluster_3_2022-11-02,656.1056048251401
cluster_3_2022-11-03,681.4226558678546
cluster_3_2022-11-04,702.8814391160685
cluster_3_2022-11-05,658.4990694854496
cluster_3_2022-11-06,655.4795309610286
cluster_3_2022-11-07,693.810397689946
cluster_3_2022-11-08,710.1949562526587
cluster_3_2022-11-09,705.7531337961774
cluster_3_2022-11-10,703.4021286963284
cluster_3_2022-11-11,709.678659896364
cluster_3_2022-11-12,640.4647273264047
cluster_3_2022-11-13,630.5292122828304
cluster_3_2022-11-14,730.1320567245626
cluster_3_2022-11-15,719.4801605099657
cluster_3_2022-11-16,721.8262445700664
cluster_3_2022-11-17,719.6814196858707
cluster_3_2022-11-18,746.3856527811201
cluster_3_2022-11-19,719.5072893331429
cluster_3_2022-11-20,728.5322070589962
cluster_3_2022-11-21,794.901741635417
cluster_3_2022-11-22,821.2553971814041
cluster_3_2022-11-23,825.693707968391
cluster_3_2022-11-24,815.9352002775471
cluster_3_2022-11-25,810.5401287428618
cluster_3_2022-11-26,758.6243375219758
cluster_3_2022-11-27,747.790366138398
cluster_3_2022-11-28,825.219333243216
cluster_3_2022-11-29,830.1424328568351
cluster_3_2022-11-30,866.8434420224387
cluster_3_2022-12-01,895.8265750634413
cluster_3_2022-12-02,881.7316784163856
cluster_3_2022-12-03,847.647331443127
cluster_3_2022-12-04,819.4307466874262
cluster_3_2022-12-05,875.1626107252551
cluster_3_2022-12-06,889.4453533036847
cluster_3_2022-12-07,943.3716178728511
cluster_3_2022-12-08,958.9503755171521
cluster_3_2022-12-09,924.7061632363807
cluster_3_2022-12-10,850.3315458256948
cluster_3_2022-12-11,897.9772486183856
cluster_3_2022-12-12,1010.2797892122406
cluster_3_2022-12-13,1015.3064336058447
cluster_3_2022-12-14,955.7456888409154
cluster_3_2022-12-15,938.2607677793011
cluster_3_2022-12-16,958.703789997507
cluster_3_2022-12-17,939.5601681679701
cluster_3_2022-12-18,902.243627782622
cluster_3_2022-12-19,898.3131235477828
cluster_3_2022-12-20,855.2247141819956
cluster_3_2022-12-21,813.4288384625503
cluster_3_2022-12-22,778.8473577745015
cluster_3_2022-12-23,757.1468844124622
cluster_3_2022-12-24,663.8482527812042
cluster_3_2022-12-25,608.4558351585708
cluster_3_2022-12-26,666.4184532512476
cluster_3_2022-12-27,731.6682568177594
cluster_3_2022-12-28,732.3609017935044
cluster_3_2022-12-29,730.3105824718422
cluster_3_2022-12-30,725.2791979323977
cluster_3_2022-12-31,641.3311657579759
cluster_3_2023-01-01,640.5899153092128
cluster_3_2023-01-02,706.6377824888931
cluster_3_2023-01-03,765.1051763303873
cluster_3_2023-01-04,794.0256402176193
cluster_3_2023-01-05,768.6387942312167
cluster_3_2023-01-06,789.0651176759902
cluster_3_2023-01-07,754.2641429216203
cluster_3_2023-01-08,738.3652692708193
cluster_3_2023-01-09,823.6600020140042
cluster_3_2023-01-10,854.405376505152
cluster_3_2023-01-11,850.5272988885571
cluster_3_2023-01-12,842.2879985506727
cluster_3_2023-01-13,825.1313948931257
cluster_3_2023-01-14,772.3359546967642
cluster_3_2023-01-15,759.7501320469937
cluster_3_2023-01-16,872.8697273521714
cluster_3_2023-01-17,923.3780456435521
cluster_3_2023-01-18,946.0009766737011
cluster_3_2023-01-19,980.6417521034037
cluster_3_2023-01-20,975.2716561919772
cluster_3_2023-01-21,940.2789276075972
cluster_3_2023-01-22,925.0517022275801
cluster_3_2023-01-23,1013.435058528169
cluster_3_2023-01-24,975.551964148866
cluster_3_2023-01-25,977.6750479162038
cluster_3_2023-01-26,989.6680775496313
cluster_3_2023-01-27,996.9782247989241
cluster_3_2023-01-28,947.809061818456
cluster_3_2023-01-29,905.4397012829047
cluster_3_2023-01-30,1009.4853455479754
cluster_3_2023-01-31,971.9192286924736
cluster_3_2023-02-01,927.0934439038289
cluster_3_2023-02-02,908.26408238875
cluster_3_2023-02-03,900.6623563890851
cluster_3_2023-02-04,820.5674616630195
cluster_3_2023-02-05,773.393202151663
cluster_3_2023-02-06,875.1611072670521
cluster_3_2023-02-07,944.6482830556672
cluster_3_2023-02-08,975.0883686862231
cluster_3_2023-02-09,983.2526340682097
cluster_3_2023-02-10,1000.7755394922002
cluster_3_2023-02-11,909.2470495747467
cluster_3_2023-02-12,846.6068749022681
cluster_3_2023-02-13,902.559653163578
cluster_3_2023-02-14,927.0566048282827
cluster_3_2023-02-15,892.733723907269
cluster_3_2023-02-16,870.3543916369815
cluster_3_2023-02-17,826.7814332276721
cluster_3_2023-02-18,738.1558918980603
cluster_3_2023-02-19,698.896751160204
cluster_3_2023-02-20,793.2073075411713
cluster_3_2023-02-21,807.8677471584901
cluster_3_2023-02-22,815.481360084155
cluster_3_2023-02-23,814.0205238973375
cluster_3_2023-02-24,814.6948826352389
cluster_3_2023-02-25,774.9556973510429
cluster_3_2023-02-26,811.7999835056938
cluster_3_2023-02-27,953.6094781707842
cluster_3_2023-02-28,991.8205493773496
cluster_3_2023-03-01,966.8844974818296
cluster_3_2023-03-02,934.2085800620322
cluster_3_2023-03-03,889.2505127449202
cluster_3_2023-03-04,802.2683913519338
cluster_3_2023-03-05,767.1719851699017
cluster_3_2023-03-06,862.0052993407133
cluster_3_2023-03-07,871.9922673738222
cluster_3_2023-03-08,837.3863073486291
cluster_3_2023-03-09,767.6240613851841
cluster_3_2023-03-10,779.5361495240031
cluster_3_2023-03-11,731.1930922431458
cluster_3_2023-03-12,693.4235328736928
cluster_3_2023-03-13,710.3702269741352
cluster_3_2023-03-14,732.7426785366015
cluster_3_2023-03-15,744.1279704145045
cluster_3_2023-03-16,733.5546099263963
cluster_3_2023-03-17,712.8736097191006
cluster_3_2023-03-18,655.0344916042894
cluster_3_2023-03-19,628.2251104387449
cluster_3_2023-03-20,691.7126469647218
cluster_3_2023-03-21,728.9612917152472
cluster_3_2023-03-22,720.6256371461933
cluster_3_2023-03-23,692.5705614199278
cluster_3_2023-03-24,699.757338577932
cluster_3_2023-03-25,660.7336646180278
cluster_3_2023-03-26,637.9548677597645
cluster_3_2023-03-27,711.219785866114
cluster_3_2023-03-28,717.6555664906359
cluster_3_2023-03-29,672.3659848278177
cluster_3_2023-03-30,672.2767909934718
cluster_3_2023-03-31,673.4258013671421
cluster_3_2023-04-01,643.6486559459175
cluster_3_2023-04-02,624.7497862912601
cluster_3_2023-04-03,683.1787198781511
cluster_3_2023-04-04,745.2469963141449
cluster_3_2023-04-05,731.2179822638268
cluster_3_2023-04-06,713.5339358941992
cluster_3_2023-04-07,697.021336195053
cluster_3_2023-04-08,644.8218337267424
cluster_3_2023-04-09,616.8961576700702
cluster_3_2023-04-10,679.1722321104537
cluster_3_2023-04-11,665.8695416054632
cluster_3_2023-04-12,683.0058753432734
cluster_3_2023-04-13,729.1502346675364
cluster_3_2023-04-14,742.3932983668823
cluster_3_2023-04-15,672.7986137898638
cluster_3_2023-04-16,622.7333057303333
cluster_3_2023-04-17,657.0543622574747
cluster_3_2023-04-18,681.3452525457241
cluster_3_2023-04-19,672.4436357168541
cluster_3_2023-04-20,661.080595727374
cluster_3_2023-04-21,656.2328686100726
cluster_3_2023-04-22,590.5688627272042
cluster_3_2023-04-23,560.6049067770242
cluster_3_2023-04-24,632.9937514326459
cluster_3_2023-04-25,668.9020270222896
cluster_3_2023-04-26,667.6715563571237
cluster_3_2023-04-27,649.5645661411795
cluster_3_2023-04-28,620.3361152606492
cluster_3_2023-04-29,563.1285830122655
cluster_3_2023-04-30,543.2067236002471
cluster_3_2023-05-01,550.0874195351605
cluster_3_2023-05-02,608.2053476582516
cluster_3_2023-05-03,605.5297042795327
cluster_3_2023-05-04,595.8368270309818
cluster_3_2023-05-05,593.0281519447055
cluster_3_2023-05-06,538.2682066331023
cluster_3_2023-05-07,518.7880737366575
cluster_3_2023-05-08,560.5323077068521
cluster_3_2023-05-09,600.0133946390871
cluster_3_2023-05-10,615.6094448503143
cluster_3_2023-05-11,615.1893305247464
cluster_3_2023-05-12,622.385740383355
cluster_3_2023-05-13,568.8209427871575
cluster_3_2023-05-14,540.2146726774702
cluster_3_2023-05-15,599.3119631862758
cluster_3_2023-05-16,631.7422494118226
cluster_3_2023-05-17,636.2443583499304
cluster_3_2023-05-18,635.5807371028988
cluster_3_2023-05-19,630.8882285331102
cluster_3_2023-05-20,574.6895209908612
cluster_3_2023-05-21,543.9652585092639
cluster_3_2023-05-22,588.3473498203756
cluster_3_2023-05-23,601.4220212691862
cluster_3_2023-05-24,603.9870091473441
cluster_3_2023-05-25,598.997001954439
cluster_3_2023-05-26,580.3774527962363
cluster_3_2023-05-27,529.7423662962805
cluster_3_2023-05-28,503.27685851475303
cluster_3_2023-05-29,574.0238030553688
cluster_3_2023-05-30,602.555411172179
cluster_3_2023-05-31,605.4724871953536
cluster_3_2023-06-01,604.0529116877506
cluster_3_2023-06-02,600.5430085767628
cluster_3_2023-06-03,550.207111828806
cluster_3_2023-06-04,519.7977092719254
cluster_3_2023-06-05,582.4450139821829
cluster_3_2023-06-06,605.7632124332644
cluster_3_2023-06-07,611.480492438322
cluster_3_2023-06-08,613.4723372417167
cluster_3_2023-06-09,605.423455478006
cluster_3_2023-06-10,557.6124289621791
cluster_3_2023-06-11,532.5351303899479
cluster_3_2023-06-12,599.2387443093226
cluster_3_2023-06-13,613.7006785323694
cluster_3_2023-06-14,616.0706058725785
cluster_3_2023-06-15,617.1033011043529
cluster_3_2023-06-16,615.7218231763768
cluster_3_2023-06-17,561.6650747784585
cluster_3_2023-06-18,533.9579022733114
cluster_3_2023-06-19,612.1278701502108
cluster_3_2023-06-20,632.107545226772
cluster_3_2023-06-21,640.3502019612351
cluster_3_2023-06-22,641.5718800207336
cluster_3_2023-06-23,626.8652762826937
cluster_3_2023-06-24,572.0055299297919
cluster_3_2023-06-25,548.7590275328242
cluster_3_2023-06-26,642.4167562503424
cluster_3_2023-06-27,645.7100373565414
cluster_3_2023-06-28,653.3889684850934
cluster_3_2023-06-29,645.6104787391864
cluster_3_2023-06-30,625.1697746988331
cluster_3_2023-07-01,564.0437937294698
cluster_3_2023-07-02,540.7204209718028
cluster_3_2023-07-03,611.7179633624283
cluster_3_2023-07-04,638.4281644066255
cluster_3_2023-07-05,641.5025980740464
cluster_3_2023-07-06,648.087251265309
cluster_3_2023-07-07,641.2669813088335
cluster_3_2023-07-08,597.305540686312
cluster_3_2023-07-09,575.2391301295764
cluster_3_2023-07-10,654.1520087408886
cluster_3_2023-07-11,668.7767150872278
cluster_3_2023-07-12,659.6525015565646
cluster_3_2023-07-13,642.8727953935421
cluster_3_2023-07-14,635.1132706473259
cluster_3_2023-07-15,579.4323370141374
cluster_3_2023-07-16,554.5288942296115
cluster_3_2023-07-17,635.0403662677999
cluster_3_2023-07-18,653.1051871168886
cluster_3_2023-07-19,665.4190495909024
cluster_3_2023-07-20,660.9172954123056
cluster_3_2023-07-21,648.1075651892779
cluster_3_2023-07-22,591.071907455187
cluster_3_2023-07-23,557.4617414188974
cluster_3_2023-07-24,628.8357378281316
cluster_3_2023-07-25,632.2947042627601
cluster_3_2023-07-26,622.7460987648549
cluster_3_2023-07-27,631.600884753035
cluster_3_2023-07-28,628.8722424518711
cluster_3_2023-07-29,570.9226316982656
cluster_3_2023-07-30,546.10916652116
cluster_3_2023-07-31,606.3592365793442
cluster_3_2023-08-01,601.03195229204
cluster_3_2023-08-02,598.2858972173026
cluster_3_2023-08-03,589.6109503051745
cluster_3_2023-08-04,582.2430976328822
cluster_3_2023-08-05,537.0064218808192
cluster_3_2023-08-06,507.6097988617148
cluster_3_2023-08-07,554.6302421539763
cluster_3_2023-08-08,572.1735506041315
cluster_3_2023-08-09,578.7364033300074
cluster_3_2023-08-10,579.9406829884142
cluster_3_2023-08-11,584.2525976420425
cluster_3_2023-08-12,546.2206635972204
cluster_3_2023-08-13,517.4991845621319
cluster_3_2023-08-14,561.7309831964667
cluster_3_2023-08-15,564.9695280689671
cluster_3_2023-08-16,579.2332005593172
cluster_3_2023-08-17,603.5739851971141
cluster_3_2023-08-18,613.3129595808102
cluster_3_2023-08-19,575.2724303926789
cluster_3_2023-08-20,562.1851778577859
cluster_3_2023-08-21,624.0088952963587
cluster_3_2023-08-22,648.2537541684441
cluster_3_2023-08-23,647.6600079660886
cluster_3_2023-08-24,652.3176608911266
cluster_3_2023-08-25,628.2665115785168
cluster_3_2023-08-26,571.1969772325822
cluster_3_2023-08-27,536.7616609069398
cluster_3_2023-08-28,593.782977009702
cluster_3_2023-08-29,614.0234772488914
cluster_3_2023-08-30,611.6872785389608
cluster_3_2023-08-31,613.2157772610191
cluster_3_2023-09-01,615.5985772338204
cluster_3_2023-09-02,558.7927859901828
cluster_3_2023-09-03,537.3228937175106
cluster_3_2023-09-04,622.3502609577089
cluster_3_2023-09-05,638.6422513048303
cluster_3_2023-09-06,640.294020804881
cluster_3_2023-09-07,643.2514262452139
cluster_3_2023-09-08,644.7155882280251
cluster_3_2023-09-09,585.7492693523042
cluster_3_2023-09-10,554.1092077548361
cluster_3_2023-09-11,623.6375314938477
cluster_3_2023-09-12,639.8733001064913
cluster_3_2023-09-13,635.9765381921817
cluster_3_2023-09-14,629.0852335859139
cluster_3_2023-09-15,621.2518028925992
cluster_3_2023-09-16,563.9375752389954
cluster_3_2023-09-17,539.8574243044451
cluster_3_2023-09-18,612.5369563833634
cluster_3_2023-09-19,618.7573890660393
cluster_3_2023-09-20,618.8413874122442
cluster_3_2023-09-21,619.3237689514016
cluster_3_2023-09-22,609.3969512004857
cluster_3_2023-09-23,554.7887035072525
cluster_3_2023-09-24,530.2876611758767
cluster_3_2023-09-25,606.2417251084361
cluster_3_2023-09-26,622.5611742072766
cluster_3_2023-09-27,621.6079865762299
cluster_3_2023-09-28,626.8342359655163
cluster_3_2023-09-29,619.5361807058575
cluster_3_2023-09-30,562.2909729863368
cluster_3_2023-10-01,538.8181055141322
cluster_3_2023-10-02,619.0934421792045
cluster_3_2023-10-03,631.2260428950084
cluster_3_2023-10-04,625.8756752343634
cluster_3_2023-10-05,622.2162108556721
cluster_3_2023-10-06,623.9506027094207
cluster_3_2023-10-07,566.3137726149785
cluster_3_2023-10-08,539.3302143733614
cluster_3_2023-10-09,614.1621216880947
cluster_3_2023-10-10,627.7163944716887
cluster_3_2023-10-11,632.690365059797
cluster_3_2023-10-12,630.9847726593187
cluster_3_2023-10-13,625.7166665762853
cluster_3_2023-10-14,567.5634201085991
cluster_3_2023-10-15,550.7612499688211
cluster_3_2023-10-16,647.6682623258492
cluster_3_2023-10-17,662.6034079241806
cluster_3_2023-10-18,658.7471358933757
cluster_3_2023-10-19,640.2184314062494
cluster_3_2023-10-20,644.6055240719405
cluster_3_2023-10-21,589.2316085082308
cluster_3_2023-10-22,573.8587322616886
cluster_3_2023-10-23,664.1726126666175
cluster_3_2023-10-24,668.0357701989451
cluster_3_2023-10-25,669.1773013208791
cluster_3_2023-10-26,672.0473291526617
cluster_3_2023-10-27,672.5886996476216
cluster_3_2023-10-28,619.0724601724643
cluster_3_2023-10-29,592.612514161405
cluster_3_2023-10-30,660.741701962737
cluster_3_2023-10-31,684.3861516552437
cluster_3_2023-11-01,637.9931242866375
cluster_3_2023-11-02,687.9643193078867
cluster_3_2023-11-03,739.8520143252997
cluster_3_2023-11-04,677.2872446668692
cluster_3_2023-11-05,637.3005241110684
cluster_3_2023-11-06,716.866362386441
cluster_3_2023-11-07,770.1572262242631
cluster_3_2023-11-08,774.2319486161226
cluster_3_2023-11-09,793.2052539757233
cluster_3_2023-11-10,791.6108660149772
cluster_3_2023-11-11,708.0330462821917
cluster_3_2023-11-12,698.3589598664541
cluster_3_2023-11-13,728.6417008612547
cluster_3_2023-11-14,731.8052917024274
cluster_3_2023-11-15,724.0267847320564
cluster_3_2023-11-16,740.2590705803268
cluster_3_2023-11-17,763.7819521560131
cluster_3_2023-11-18,697.820128092204
cluster_3_2023-11-19,652.7443281832408
cluster_3_2023-11-20,713.1186315168275
cluster_3_2023-11-21,768.8191590313036
cluster_3_2023-11-22,816.0140527162283
cluster_3_2023-11-23,848.9148626235283
cluster_3_2023-11-24,836.0359204528742
cluster_3_2023-11-25,804.5046633389509
cluster_3_2023-11-26,818.6660349100704
cluster_3_2023-11-27,879.1100434990286
cluster_3_2023-11-28,897.0155927203696
cluster_3_2023-11-29,937.5737340526554
cluster_3_2023-11-30,889.5155090248169
cluster_3_2023-12-01,864.0569655264007
cluster_3_2023-12-02,877.092857000921
cluster_3_2023-12-03,883.4626518682435
cluster_3_2023-12-04,983.5079202334178
cluster_3_2023-12-05,926.3481215887614
cluster_3_2023-12-06,925.3421100890035
cluster_3_2023-12-07,959.1606112754797
cluster_3_2023-12-08,923.7707331659677
cluster_3_2023-12-09,803.5669207784046
cluster_3_2023-12-10,738.7283072114184
cluster_3_2023-12-11,792.3389104938959
cluster_3_2023-12-12,803.7819076869159
cluster_3_2023-12-13,833.6081710808553
cluster_3_2023-12-14,861.0046553929009
cluster_3_2023-12-15,867.4276488358912
cluster_3_2023-12-16,826.5890675120437
cluster_3_2023-12-17,834.4308557324222
cluster_3_2023-12-18,918.3528462864691
cluster_3_2023-12-19,926.5534936897917
cluster_3_2023-12-20,890.7207183956331
cluster_3_2023-12-21,878.101069960918
cluster_3_2023-12-22,815.2139115628457
cluster_3_2023-12-23,755.2498725616564
cluster_3_2023-12-24,716.410539555955
cluster_3_2023-12-25,724.1303121660666
cluster_3_2023-12-26,787.5112161729866
cluster_3_2023-12-27,809.3544708626627
cluster_3_2023-12-28,787.6529858529497
cluster_3_2023-12-29,756.0244725034729
cluster_3_2023-12-30,737.8479788274242
cluster_3_2023-12-31,732.2892254535451
cluster_3_2024-01-01,755.1352204425956
cluster_3_2024-01-02,811.6385127394326
cluster_3_2024-01-03,795.3052293271107
cluster_3_2024-01-04,807.7269438165824
cluster_3_2024-01-05,823.4544371381719
cluster_3_2024-01-06,821.9120072240983
cluster_3_2024-01-07,875.786730692412
cluster_3_2024-01-08,1030.5779251754373
cluster_3_2024-01-09,1059.4374014015734
cluster_3_2024-01-10,1043.0976855658068
cluster_3_2024-01-11,1024.7158369754711
cluster_3_2024-01-12,1037.8879768435518
cluster_3_2024-01-13,951.3066955606323
cluster_3_2024-01-14,921.6369612536444
cluster_3_2024-01-15,988.0561749144946
cluster_3_2024-01-16,974.4708257560284
cluster_3_2024-01-17,920.3916601790577
cluster_3_2024-01-18,867.6988944031028
cluster_3_2024-01-19,884.2073528501082
cluster_3_2024-01-20,923.0285415817665
cluster_3_2024-01-21,919.9041286906702
cluster_3_2024-01-22,917.4605223738874
cluster_3_2024-01-23,845.6804800907433
cluster_3_2024-01-24,812.4199189962346
cluster_3_2024-01-25,803.0186686491658
cluster_3_2024-01-26,799.8685200230137
cluster_3_2024-01-27,781.3939702412729
cluster_3_2024-01-28,737.7562090849063
cluster_3_2024-01-29,811.7615592670606
cluster_3_2024-01-30,815.450059194406
cluster_3_2024-01-31,807.5799826104605
cluster_3_2024-02-01,802.03486824951
cluster_3_2024-02-02,789.7611419940629
cluster_3_2024-02-03,737.4595510857188
cluster_3_2024-02-04,705.0272324208302
cluster_3_2024-02-05,797.8566283671184
cluster_3_2024-02-06,821.5627270153907
cluster_3_2024-02-07,816.924933574817
cluster_3_2024-02-08,793.3179803110589
cluster_3_2024-02-09,759.6483169261918
cluster_3_2024-02-10,729.7522537504005
cluster_3_2024-02-11,728.1722201233069
cluster_3_2024-02-12,823.4125840476551
cluster_3_2024-02-13,840.0463629586801
cluster_3_2024-02-14,801.3400588402953
cluster_3_2024-02-15,764.8509929712499
cluster_3_2024-02-16,761.0406997151943
cluster_3_2024-02-17,705.485547821256
cluster_3_2024-02-18,709.0015638760734
cluster_3_2024-02-19,738.3006165749401
cluster_3_2024-02-20,780.9914475160607
cluster_3_2024-02-21,795.6744594486831
cluster_3_2024-02-22,777.4466111034117
cluster_3_2024-02-23,810.0334985957415
cluster_3_2024-02-24,770.8305231493141
cluster_3_2024-02-25,771.2059977393106
cluster_3_2024-02-26,815.8518222007077
cluster_3_2024-02-27,833.8917440203387
cluster_3_2024-02-28,837.8346161868166
cluster_3_2024-02-29,847.165004663561
cluster_3_2024-03-01,828.1173525879515
cluster_3_2024-03-02,757.5154428942378
cluster_3_2024-03-03,726.7107838466096
cluster_3_2024-03-04,817.4380391495358
cluster_3_2024-03-05,813.2451555035119
cluster_3_2024-03-06,813.4455154832101
cluster_3_2024-03-07,813.8461398940731
cluster_3_2024-03-08,832.3199549668027
cluster_3_2024-03-09,763.0355595823614
cluster_3_2024-03-10,729.3109368752874
cluster_3_2024-03-11,802.68769089523
cluster_3_2024-03-12,799.8043063281066
cluster_3_2024-03-13,781.8784098438038
cluster_3_2024-03-14,756.8600171298388
cluster_3_2024-03-15,722.5565690786902
cluster_3_2024-03-16,652.9490707759309
cluster_3_2024-03-17,643.4169230591513
cluster_3_2024-03-18,678.065234479584
cluster_3_2024-03-19,676.8536614005212
cluster_3_2024-03-20,677.1518658498405
cluster_3_2024-03-21,656.7266142993337
cluster_3_2024-03-22,642.4067881294737
cluster_3_2024-03-23,615.6659194732706
cluster_3_2024-03-24,621.3417677202293
cluster_3_2024-03-25,694.0737847754921
cluster_3_2024-03-26,735.7927332433406
cluster_3_2024-03-27,733.7649584916916
cluster_3_2024-03-28,735.2297961000928
cluster_3_2024-03-29,732.5031628373191
cluster_3_2024-03-30,671.3352218119269
cluster_3_2024-03-31,634.5327182423899
cluster_3_2024-04-01,709.6861431027615
cluster_3_2024-04-02,714.9551326724666
cluster_3_2024-04-03,712.6143479694447
cluster_3_2024-04-04,683.6321662373327
cluster_3_2024-04-05,638.4199895274404
cluster_3_2024-04-06,581.0417527047637
cluster_3_2024-04-07,562.984888065028
cluster_3_2024-04-08,594.2958182338839
cluster_3_2024-04-09,630.9223667872594
cluster_3_2024-04-10,682.2698869997292
cluster_3_2024-04-11,657.8969662375455
cluster_3_2024-04-12,629.9455419114099
cluster_3_2024-04-13,562.7703486337853
cluster_3_2024-04-14,529.0854105606853
cluster_3_2024-04-15,581.9995778531224
cluster_3_2024-04-16,628.0887225505566
cluster_3_2024-04-17,688.7417021011627
cluster_3_2024-04-18,703.770292884288
cluster_3_2024-04-19,678.1765725140948
cluster_3_2024-04-20,636.3901543538447
cluster_3_2024-04-21,607.1702391668174
cluster_3_2024-04-22,715.4896953185539
cluster_3_2024-04-23,757.4495072411928
cluster_3_2024-04-24,753.3815917929387
cluster_3_2024-04-25,742.4217715111296
cluster_3_2024-04-26,735.4063155173766
cluster_3_2024-04-27,654.609240694804
cluster_3_2024-04-28,617.8436889654715
cluster_3_2024-04-29,662.9234653068162
cluster_4_2022-01-01,949.4864893908825
cluster_4_2022-01-02,998.8285476852117
cluster_4_2022-01-03,1109.2284821383887
cluster_4_2022-01-04,1156.899142489299
cluster_4_2022-01-05,1239.70076748558
cluster_4_2022-01-06,1311.3713795312497
cluster_4_2022-01-07,1339.0291911051966
cluster_4_2022-01-08,1216.6422184013582
cluster_4_2022-01-09,1183.6722095884104
cluster_4_2022-01-10,1370.0774926855372
cluster_4_2022-01-11,1425.2355826490225
cluster_4_2022-01-12,1447.2138998529363
cluster_4_2022-01-13,1448.6161705787592
cluster_4_2022-01-14,1438.2484871914157
cluster_4_2022-01-15,1370.8140862062805
cluster_4_2022-01-16,1329.2359342775942
cluster_4_2022-01-17,1417.6944803457716
cluster_4_2022-01-18,1412.0079466320888
cluster_4_2022-01-19,1398.7585257664473
cluster_4_2022-01-20,1391.287871630178
cluster_4_2022-01-21,1410.2203111246563
cluster_4_2022-01-22,1317.6403453558885
cluster_4_2022-01-23,1262.3965612733439
cluster_4_2022-01-24,1396.1434250239388
cluster_4_2022-01-25,1420.639978053453
cluster_4_2022-01-26,1441.9158721958386
cluster_4_2022-01-27,1438.2202379100677
cluster_4_2022-01-28,1440.2826759394804
cluster_4_2022-01-29,1274.0896242409742
cluster_4_2022-01-30,1159.8848565264325
cluster_4_2022-01-31,1316.41362276514
cluster_4_2022-02-01,1328.5540199368877
cluster_4_2022-02-02,1279.4851130155057
cluster_4_2022-02-03,1284.747235788962
cluster_4_2022-02-04,1270.8680572875114
cluster_4_2022-02-05,1207.3409815765172
cluster_4_2022-02-06,1190.040144032473
cluster_4_2022-02-07,1281.0206100190542
cluster_4_2022-02-08,1292.1557978748372
cluster_4_2022-02-09,1297.8118456862248
cluster_4_2022-02-10,1258.7077607896592
cluster_4_2022-02-11,1275.776469110371
cluster_4_2022-02-12,1231.6364966245126
cluster_4_2022-02-13,1147.604630398886
cluster_4_2022-02-14,1207.8936022140883
cluster_4_2022-02-15,1241.6000356563245
cluster_4_2022-02-16,1202.9221329857412
cluster_4_2022-02-17,1141.4627695006968
cluster_4_2022-02-18,1102.4904453845882
cluster_4_2022-02-19,1087.757511475813
cluster_4_2022-02-20,1083.3569947947822
cluster_4_2022-02-21,1196.7415968699172
cluster_4_2022-02-22,1218.222060420099
cluster_4_2022-02-23,1167.0714196668325
cluster_4_2022-02-24,1168.7729069785498
cluster_4_2022-02-25,1212.8459855575552
cluster_4_2022-02-26,1147.4407564074754
cluster_4_2022-02-27,1111.5147760992393
cluster_4_2022-02-28,1252.4362402927356
cluster_4_2022-03-01,1223.9845698781803
cluster_4_2022-03-02,1221.1302385785327
cluster_4_2022-03-03,1156.363857051117
cluster_4_2022-03-04,1157.0813681224722
cluster_4_2022-03-05,1097.8424932257506
cluster_4_2022-03-06,1104.211228982081
cluster_4_2022-03-07,1235.4174293147694
cluster_4_2022-03-08,1253.3847877966232
cluster_4_2022-03-09,1189.953799989222
cluster_4_2022-03-10,1139.484819284761
cluster_4_2022-03-11,1105.4687817676415
cluster_4_2022-03-12,1033.1230903531239
cluster_4_2022-03-13,1023.6242814566444
cluster_4_2022-03-14,1107.6966876392298
cluster_4_2022-03-15,1079.585808887256
cluster_4_2022-03-16,1049.1918765220207
cluster_4_2022-03-17,1064.800515905057
cluster_4_2022-03-18,1093.2327882589916
cluster_4_2022-03-19,949.6857020895989
cluster_4_2022-03-20,942.232158875785
cluster_4_2022-03-21,1011.5683008109751
cluster_4_2022-03-22,1027.2337873630515
cluster_4_2022-03-23,1009.01850157988
cluster_4_2022-03-24,987.5277019784907
cluster_4_2022-03-25,954.6659347883508
cluster_4_2022-03-26,858.6086894910658
cluster_4_2022-03-27,816.9798303404652
cluster_4_2022-03-28,914.130504344443
cluster_4_2022-03-29,934.4715358862502
cluster_4_2022-03-30,963.9526264291524
cluster_4_2022-03-31,1056.6267372452985
cluster_4_2022-04-01,1132.4675321930029
cluster_4_2022-04-02,1104.1575755783224
cluster_4_2022-04-03,1098.0721267479198
cluster_4_2022-04-04,1150.6122769783597
cluster_4_2022-04-05,1171.751058473299
cluster_4_2022-04-06,1098.1683660946028
cluster_4_2022-04-07,1074.9875962045144
cluster_4_2022-04-08,1072.945121275944
cluster_4_2022-04-09,1008.854361111509
cluster_4_2022-04-10,956.8120546035876
cluster_4_2022-04-11,1011.8031174309564
cluster_4_2022-04-12,957.9150441794185
cluster_4_2022-04-13,943.3019687262351
cluster_4_2022-04-14,924.2723694892883
cluster_4_2022-04-15,891.4029473124484
cluster_4_2022-04-16,808.1008444794828
cluster_4_2022-04-17,782.2880530767266
cluster_4_2022-04-18,886.0377118842961
cluster_4_2022-04-19,886.971985380578
cluster_4_2022-04-20,890.456229328662
cluster_4_2022-04-21,896.8152757046253
cluster_4_2022-04-22,888.1671851835265
cluster_4_2022-04-23,823.0761119248816
cluster_4_2022-04-24,805.0002233870977
cluster_4_2022-04-25,900.4843588143794
cluster_4_2022-04-26,935.3428391521231
cluster_4_2022-04-27,922.6473812846773
cluster_4_2022-04-28,902.7346642269877
cluster_4_2022-04-29,894.7370805738042
cluster_4_2022-04-30,808.7576044598162
cluster_4_2022-05-01,742.7899855715804
cluster_4_2022-05-02,853.5866077470866
cluster_4_2022-05-03,888.7465820943565
cluster_4_2022-05-04,891.6058720146964
cluster_4_2022-05-05,887.1819982264487
cluster_4_2022-05-06,867.8968366909643
cluster_4_2022-05-07,783.0234209610533
cluster_4_2022-05-08,737.0793384586618
cluster_4_2022-05-09,821.9927353621189
cluster_4_2022-05-10,843.6994328695667
cluster_4_2022-05-11,837.5560382607109
cluster_4_2022-05-12,828.1796312119974
cluster_4_2022-05-13,815.2755948385847
cluster_4_2022-05-14,761.3188880959998
cluster_4_2022-05-15,720.3574469193916
cluster_4_2022-05-16,828.940722921759
cluster_4_2022-05-17,854.860353262669
cluster_4_2022-05-18,861.8663515477896
cluster_4_2022-05-19,849.0083170971435
cluster_4_2022-05-20,850.2932270697722
cluster_4_2022-05-21,768.9274053117646
cluster_4_2022-05-22,729.5301577461162
cluster_4_2022-05-23,832.6309839859197
cluster_4_2022-05-24,849.1504609805504
cluster_4_2022-05-25,838.2013897211733
cluster_4_2022-05-26,842.4888993649579
cluster_4_2022-05-27,838.6609688894096
cluster_4_2022-05-28,759.4210080732901
cluster_4_2022-05-29,730.7216769956603
cluster_4_2022-05-30,824.9112752040038
cluster_4_2022-05-31,859.5220375820995
cluster_4_2022-06-01,868.035224640337
cluster_4_2022-06-02,859.286376869325
cluster_4_2022-06-03,852.5180831765964
cluster_4_2022-06-04,775.2323887274623
cluster_4_2022-06-05,730.0903786638514
cluster_4_2022-06-06,826.771105275207
cluster_4_2022-06-07,855.2525497299622
cluster_4_2022-06-08,863.2438665452513
cluster_4_2022-06-09,858.5956801399223
cluster_4_2022-06-10,856.0286168008183
cluster_4_2022-06-11,778.1258308395678
cluster_4_2022-06-12,747.92218538229
cluster_4_2022-06-13,845.1979403338753
cluster_4_2022-06-14,879.5776748406895
cluster_4_2022-06-15,899.6516240238375
cluster_4_2022-06-16,905.3044733104239
cluster_4_2022-06-17,895.342636248634
cluster_4_2022-06-18,818.6166475339829
cluster_4_2022-06-19,761.3545069951269
cluster_4_2022-06-20,877.7422607217583
cluster_4_2022-06-21,900.1633031631834
cluster_4_2022-06-22,891.4468923976391
cluster_4_2022-06-23,878.393502695487
cluster_4_2022-06-24,852.3238650483621
cluster_4_2022-06-25,770.7913412033415
cluster_4_2022-06-26,728.6345418332653
cluster_4_2022-06-27,839.0324547172172
cluster_4_2022-06-28,862.9054797209945
cluster_4_2022-06-29,871.6653891712116
cluster_4_2022-06-30,873.0467299650239
cluster_4_2022-07-01,851.3987559601064
cluster_4_2022-07-02,779.2687477054252
cluster_4_2022-07-03,740.3734030369444
cluster_4_2022-07-04,852.798373847938
cluster_4_2022-07-05,867.8698852120724
cluster_4_2022-07-06,865.0041135757466
cluster_4_2022-07-07,862.6984963203628
cluster_4_2022-07-08,851.4388370280703
cluster_4_2022-07-09,777.2224025088832
cluster_4_2022-07-10,731.8048586118807
cluster_4_2022-07-11,846.9277988509288
cluster_4_2022-07-12,873.6917515099632
cluster_4_2022-07-13,884.4447218148849
cluster_4_2022-07-14,868.583229196829
cluster_4_2022-07-15,856.4979860012802
cluster_4_2022-07-16,780.2073922305003
cluster_4_2022-07-17,742.7321239197321
cluster_4_2022-07-18,874.44170277471
cluster_4_2022-07-19,905.9661000658691
cluster_4_2022-07-20,891.2882311520783
cluster_4_2022-07-21,883.2501451513048
cluster_4_2022-07-22,893.2837167666275
cluster_4_2022-07-23,777.9879462424676
cluster_4_2022-07-24,757.6134937723338
cluster_4_2022-07-25,861.3960896985622
cluster_4_2022-07-26,849.1418109585978
cluster_4_2022-07-27,848.1879789686143
cluster_4_2022-07-28,847.3366953962159
cluster_4_2022-07-29,841.9931296853645
cluster_4_2022-07-30,758.6797991144567
cluster_4_2022-07-31,721.3656352865883
cluster_4_2022-08-01,782.5208446044574
cluster_4_2022-08-02,807.7991151739379
cluster_4_2022-08-03,826.3100432873503
cluster_4_2022-08-04,829.8604307269451
cluster_4_2022-08-05,795.8294205851986
cluster_4_2022-08-06,720.8735768349617
cluster_4_2022-08-07,681.6837301869563
cluster_4_2022-08-08,752.3472744976522
cluster_4_2022-08-09,780.7823645122076
cluster_4_2022-08-10,787.356072203434
cluster_4_2022-08-11,802.9144070445824
cluster_4_2022-08-12,786.8541312953292
cluster_4_2022-08-13,727.0837703151244
cluster_4_2022-08-14,671.8077675729199
cluster_4_2022-08-15,702.8530261613839
cluster_4_2022-08-16,737.4444264918325
cluster_4_2022-08-17,758.3211969540919
cluster_4_2022-08-18,762.8498403561357
cluster_4_2022-08-19,753.0663258648293
cluster_4_2022-08-20,697.5972279812192
cluster_4_2022-08-21,671.9647869315539
cluster_4_2022-08-22,765.6667797369513
cluster_4_2022-08-23,801.5826531052235
cluster_4_2022-08-24,813.9730281440986
cluster_4_2022-08-25,838.1807394240348
cluster_4_2022-08-26,825.9661968370016
cluster_4_2022-08-27,742.0046855559805
cluster_4_2022-08-28,721.5641221123469
cluster_4_2022-08-29,836.1002922065195
cluster_4_2022-08-30,852.0317694595046
cluster_4_2022-08-31,852.9481924232203
cluster_4_2022-09-01,860.2391144272441
cluster_4_2022-09-02,850.372147995673
cluster_4_2022-09-03,762.6716259147815
cluster_4_2022-09-04,738.240731583918
cluster_4_2022-09-05,851.8561600114953
cluster_4_2022-09-06,872.7364450448767
cluster_4_2022-09-07,873.4012520818839
cluster_4_2022-09-08,872.1067261804553
cluster_4_2022-09-09,853.6755108720458
cluster_4_2022-09-10,768.7475781691631
cluster_4_2022-09-11,733.7574548128342
cluster_4_2022-09-12,852.7439743212974
cluster_4_2022-09-13,874.3099991787998
cluster_4_2022-09-14,878.4839124684233
cluster_4_2022-09-15,872.4339721521361
cluster_4_2022-09-16,857.3634093759458
cluster_4_2022-09-17,783.6368455790446
cluster_4_2022-09-18,759.120798235356
cluster_4_2022-09-19,871.5968184078397
cluster_4_2022-09-20,899.4224581864629
cluster_4_2022-09-21,907.8501258804795
cluster_4_2022-09-22,908.2371549061695
cluster_4_2022-09-23,896.9379564754246
cluster_4_2022-09-24,809.5406165243036
cluster_4_2022-09-25,773.1337659539121
cluster_4_2022-09-26,904.4252359470294
cluster_4_2022-09-27,936.711330876096
cluster_4_2022-09-28,933.869828584933
cluster_4_2022-09-29,959.2340587568724
cluster_4_2022-09-30,938.9075857142145
cluster_4_2022-10-01,867.9293402880205
cluster_4_2022-10-02,808.1233468519624
cluster_4_2022-10-03,917.2071508920388
cluster_4_2022-10-04,929.8122823680123
cluster_4_2022-10-05,915.834347438743
cluster_4_2022-10-06,932.8766911079106
cluster_4_2022-10-07,935.6809811392802
cluster_4_2022-10-08,822.4081315548276
cluster_4_2022-10-09,797.6930322759299
cluster_4_2022-10-10,902.2049608342436
cluster_4_2022-10-11,928.1653994659027
cluster_4_2022-10-12,937.3220716509903
cluster_4_2022-10-13,935.8081254814362
cluster_4_2022-10-14,913.5141851683566
cluster_4_2022-10-15,836.5185592174338
cluster_4_2022-10-16,791.0407627706174
cluster_4_2022-10-17,897.3937592542369
cluster_4_2022-10-18,921.6474081883326
cluster_4_2022-10-19,921.86273429992
cluster_4_2022-10-20,923.2537825729014
cluster_4_2022-10-21,919.5000721141121
cluster_4_2022-10-22,819.4536511892559
cluster_4_2022-10-23,783.797906856783
cluster_4_2022-10-24,892.2244094723864
cluster_4_2022-10-25,920.6258280554064
cluster_4_2022-10-26,925.1321212338303
cluster_4_2022-10-27,920.2154241146335
cluster_4_2022-10-28,912.1190757049019
cluster_4_2022-10-29,812.8631754491107
cluster_4_2022-10-30,777.0217864518196
cluster_4_2022-10-31,896.2074258994944
cluster_4_2022-11-01,861.113169484804
cluster_4_2022-11-02,933.9767316693241
cluster_4_2022-11-03,990.6869996983467
cluster_4_2022-11-04,1020.8225123372629
cluster_4_2022-11-05,970.8772378995228
cluster_4_2022-11-06,959.3702315084016
cluster_4_2022-11-07,1022.3247846071547
cluster_4_2022-11-08,1035.4800095742482
cluster_4_2022-11-09,1036.3234822249067
cluster_4_2022-11-10,1059.85270635696
cluster_4_2022-11-11,1039.8114043054065
cluster_4_2022-11-12,946.0693947247298
cluster_4_2022-11-13,953.8808614662235
cluster_4_2022-11-14,1070.7558741763185
cluster_4_2022-11-15,1074.3333919942431
cluster_4_2022-11-16,1067.6416391407897
cluster_4_2022-11-17,1059.6327750276478
cluster_4_2022-11-18,1096.2046185548102
cluster_4_2022-11-19,1052.355077026775
cluster_4_2022-11-20,1039.9362129651734
cluster_4_2022-11-21,1180.3327679956058
cluster_4_2022-11-22,1203.883307367142
cluster_4_2022-11-23,1217.29454343475
cluster_4_2022-11-24,1175.3202366299204
cluster_4_2022-11-25,1167.168276311851
cluster_4_2022-11-26,1113.589109332069
cluster_4_2022-11-27,1078.7331233497448
cluster_4_2022-11-28,1170.47680442629
cluster_4_2022-11-29,1222.8915325801943
cluster_4_2022-11-30,1228.0800172685642
cluster_4_2022-12-01,1276.5990800551704
cluster_4_2022-12-02,1310.037837925723
cluster_4_2022-12-03,1242.5398138098817
cluster_4_2022-12-04,1217.2421202787355
cluster_4_2022-12-05,1338.939489034975
cluster_4_2022-12-06,1362.5759071692196
cluster_4_2022-12-07,1388.964560285058
cluster_4_2022-12-08,1396.2955659651027
cluster_4_2022-12-09,1399.0942952185144
cluster_4_2022-12-10,1326.949104173228
cluster_4_2022-12-11,1302.965638908771
cluster_4_2022-12-12,1445.3350981694934
cluster_4_2022-12-13,1481.8858295303394
cluster_4_2022-12-14,1427.8386010393078
cluster_4_2022-12-15,1425.8302010047992
cluster_4_2022-12-16,1442.939317539236
cluster_4_2022-12-17,1362.3502285980633
cluster_4_2022-12-18,1299.6084743531223
cluster_4_2022-12-19,1229.4353894653973
cluster_4_2022-12-20,1196.819458356632
cluster_4_2022-12-21,1126.2287419425872
cluster_4_2022-12-22,1106.3882733539492
cluster_4_2022-12-23,1095.995894899836
cluster_4_2022-12-24,947.3507563630005
cluster_4_2022-12-25,901.7574131500677
cluster_4_2022-12-26,973.5980928746241
cluster_4_2022-12-27,1061.313517056067
cluster_4_2022-12-28,1084.6406603844937
cluster_4_2022-12-29,1056.1129986317433
cluster_4_2022-12-30,1053.6046032073448
cluster_4_2022-12-31,939.9195697091175
cluster_4_2023-01-01,912.9953167310618
cluster_4_2023-01-02,1033.8593522939582
cluster_4_2023-01-03,1126.8533588362152
cluster_4_2023-01-04,1164.7639736203116
cluster_4_2023-01-05,1115.8515443970023
cluster_4_2023-01-06,1129.602438293385
cluster_4_2023-01-07,1067.2219607056652
cluster_4_2023-01-08,1037.9870449851435
cluster_4_2023-01-09,1208.9523085749915
cluster_4_2023-01-10,1258.6272085292637
cluster_4_2023-01-11,1214.0488333416884
cluster_4_2023-01-12,1242.8934793384385
cluster_4_2023-01-13,1172.5425339047972
cluster_4_2023-01-14,1110.3183486478392
cluster_4_2023-01-15,1109.478880246513
cluster_4_2023-01-16,1288.9863059259324
cluster_4_2023-01-17,1323.1434143996923
cluster_4_2023-01-18,1393.8693994155542
cluster_4_2023-01-19,1443.1563262963552
cluster_4_2023-01-20,1413.6439369049758
cluster_4_2023-01-21,1349.6489275505064
cluster_4_2023-01-22,1339.4936213904407
cluster_4_2023-01-23,1450.0036824883343
cluster_4_2023-01-24,1462.8094490697613
cluster_4_2023-01-25,1425.840214441183
cluster_4_2023-01-26,1454.9191200887442
cluster_4_2023-01-27,1444.606336965524
cluster_4_2023-01-28,1356.3117404276336
cluster_4_2023-01-29,1310.7328677733567
cluster_4_2023-01-30,1414.3643229386864
cluster_4_2023-01-31,1371.933947438961
cluster_4_2023-02-01,1345.8330983463807
cluster_4_2023-02-02,1319.2807809916958
cluster_4_2023-02-03,1281.762087926452
cluster_4_2023-02-04,1161.9664926760854
cluster_4_2023-02-05,1142.6085586683437
cluster_4_2023-02-06,1326.7910382353723
cluster_4_2023-02-07,1375.0181470722118
cluster_4_2023-02-08,1409.977180353499
cluster_4_2023-02-09,1423.2624134836165
cluster_4_2023-02-10,1393.8907707383084
cluster_4_2023-02-11,1256.9736199346598
cluster_4_2023-02-12,1212.2419719167924
cluster_4_2023-02-13,1295.9884190648409
cluster_4_2023-02-14,1275.6891552995812
cluster_4_2023-02-15,1242.1857235101975
cluster_4_2023-02-16,1223.6506931540998
cluster_4_2023-02-17,1186.2113427057948
cluster_4_2023-02-18,1017.2804005097265
cluster_4_2023-02-19,1037.6798433831193
cluster_4_2023-02-20,1144.911148553802
cluster_4_2023-02-21,1176.1960525644754
cluster_4_2023-02-22,1185.3477146121043
cluster_4_2023-02-23,1163.2444787415052
cluster_4_2023-02-24,1124.6000630216693
cluster_4_2023-02-25,1118.6118033598398
cluster_4_2023-02-26,1184.464592346068
cluster_4_2023-02-27,1341.142285744661
cluster_4_2023-02-28,1403.7513913956057
cluster_4_2023-03-01,1393.9030103051603
cluster_4_2023-03-02,1323.8019579451864
cluster_4_2023-03-03,1266.3473518640508
cluster_4_2023-03-04,1174.6687556505035
cluster_4_2023-03-05,1140.183533897111
cluster_4_2023-03-06,1254.0606281586595
cluster_4_2023-03-07,1303.6429644030788
cluster_4_2023-03-08,1238.3075046596316
cluster_4_2023-03-09,1121.648406008853
cluster_4_2023-03-10,1134.01268104411
cluster_4_2023-03-11,1100.4869182811967
cluster_4_2023-03-12,984.7894107834461
cluster_4_2023-03-13,1038.111905842955
cluster_4_2023-03-14,1109.3172426415865
cluster_4_2023-03-15,1139.9045852586355
cluster_4_2023-03-16,1104.1104398900907
cluster_4_2023-03-17,1057.9063871121834
cluster_4_2023-03-18,972.4278343091026
cluster_4_2023-03-19,935.5149913195145
cluster_4_2023-03-20,1065.7320351034402
cluster_4_2023-03-21,1060.2428416137345
cluster_4_2023-03-22,1031.5124492612176
cluster_4_2023-03-23,1003.7768425975119
cluster_4_2023-03-24,1000.1973849459481
cluster_4_2023-03-25,921.3138092400708
cluster_4_2023-03-26,908.7015473181622
cluster_4_2023-03-27,1088.2665419981104
cluster_4_2023-03-28,1137.394877310569
cluster_4_2023-03-29,1039.3182471382693
cluster_4_2023-03-30,996.2888369916825
cluster_4_2023-03-31,971.3624809473339
cluster_4_2023-04-01,920.0361556740288
cluster_4_2023-04-02,931.5894384460358
cluster_4_2023-04-03,1066.6225805670017
cluster_4_2023-04-04,1102.0216592121653
cluster_4_2023-04-05,1091.9773076110166
cluster_4_2023-04-06,1101.2825381244197
cluster_4_2023-04-07,1072.2363146439172
cluster_4_2023-04-08,958.9486748851298
cluster_4_2023-04-09,894.7870506091633
cluster_4_2023-04-10,980.8080642428966
cluster_4_2023-04-11,1009.6586182643282
cluster_4_2023-04-12,1024.0861522348116
cluster_4_2023-04-13,1050.1115918206667
cluster_4_2023-04-14,1073.9634869220072
cluster_4_2023-04-15,959.1313967645498
cluster_4_2023-04-16,942.4377926834763
cluster_4_2023-04-17,1025.3300839405354
cluster_4_2023-04-18,1008.2272340092645
cluster_4_2023-04-19,961.3014953331075
cluster_4_2023-04-20,989.9883773433017
cluster_4_2023-04-21,997.6480832883807
cluster_4_2023-04-22,893.6892039333654
cluster_4_2023-04-23,844.797640235256
cluster_4_2023-04-24,920.7601364379304
cluster_4_2023-04-25,975.7444886220816
cluster_4_2023-04-26,976.0345035552498
cluster_4_2023-04-27,945.193875582779
cluster_4_2023-04-28,905.646738605414
cluster_4_2023-04-29,815.7410341354818
cluster_4_2023-04-30,797.9535635419262
cluster_4_2023-05-01,807.1730002162465
cluster_4_2023-05-02,895.5837849883491
cluster_4_2023-05-03,890.7767484616628
cluster_4_2023-05-04,866.9414888774543
cluster_4_2023-05-05,854.3535408816587
cluster_4_2023-05-06,767.6606561555881
cluster_4_2023-05-07,741.1155538615697
cluster_4_2023-05-08,809.5250435433254
cluster_4_2023-05-09,864.9985002699984
cluster_4_2023-05-10,905.1341596909572
cluster_4_2023-05-11,907.0305801324396
cluster_4_2023-05-12,897.9682130714405
cluster_4_2023-05-13,808.751650861252
cluster_4_2023-05-14,772.3823480944374
cluster_4_2023-05-15,880.7076757495125
cluster_4_2023-05-16,947.7208584303305
cluster_4_2023-05-17,966.8502768353658
cluster_4_2023-05-18,953.3664071420309
cluster_4_2023-05-19,926.0398927244115
cluster_4_2023-05-20,828.7965272957427
cluster_4_2023-05-21,779.0437532809017
cluster_4_2023-05-22,862.402832583683
cluster_4_2023-05-23,880.9323672502342
cluster_4_2023-05-24,890.7403381562443
cluster_4_2023-05-25,878.8937376562883
cluster_4_2023-05-26,855.6978448382976
cluster_4_2023-05-27,757.1988447701849
cluster_4_2023-05-28,712.6002453907106
cluster_4_2023-05-29,813.7725869356709
cluster_4_2023-05-30,850.9758481693252
cluster_4_2023-05-31,857.0609124141843
cluster_4_2023-06-01,860.17604182358
cluster_4_2023-06-02,848.6900973748498
cluster_4_2023-06-03,767.8337966141463
cluster_4_2023-06-04,730.4684302033647
cluster_4_2023-06-05,824.7140878337261
cluster_4_2023-06-06,869.1828831470373
cluster_4_2023-06-07,872.7390337583748
cluster_4_2023-06-08,879.2335846919776
cluster_4_2023-06-09,862.6668215165465
cluster_4_2023-06-10,784.1013738351627
cluster_4_2023-06-11,739.5477420373612
cluster_4_2023-06-12,856.5919125924357
cluster_4_2023-06-13,873.7502033392623
cluster_4_2023-06-14,877.1845259757569
cluster_4_2023-06-15,881.1076176797509
cluster_4_2023-06-16,878.5050563382407
cluster_4_2023-06-17,792.4763846858215
cluster_4_2023-06-18,743.8040850241778
cluster_4_2023-06-19,857.4503113112992
cluster_4_2023-06-20,889.1795814116509
cluster_4_2023-06-21,893.7212107448213
cluster_4_2023-06-22,879.6138031376296
cluster_4_2023-06-23,866.9997203589523
cluster_4_2023-06-24,786.5987329403695
cluster_4_2023-06-25,757.195802651927
cluster_4_2023-06-26,875.0653191249437
cluster_4_2023-06-27,879.6290094487615
cluster_4_2023-06-28,879.8691740061804
cluster_4_2023-06-29,884.0210949350417
cluster_4_2023-06-30,854.8293819395958
cluster_4_2023-07-01,766.5928732717413
cluster_4_2023-07-02,723.8639580879419
cluster_4_2023-07-03,836.9659402847346
cluster_4_2023-07-04,863.2324127863544
cluster_4_2023-07-05,865.0056438103205
cluster_4_2023-07-06,877.0672343348908
cluster_4_2023-07-07,868.6397340281098
cluster_4_2023-07-08,795.4549413224019
cluster_4_2023-07-09,757.0088659319787
cluster_4_2023-07-10,886.828595743499
cluster_4_2023-07-11,903.8913013589909
cluster_4_2023-07-12,873.82316993103
cluster_4_2023-07-13,853.4670689626662
cluster_4_2023-07-14,816.4593899063626
cluster_4_2023-07-15,765.4015490311042
cluster_4_2023-07-16,728.7720301277312
cluster_4_2023-07-17,838.213158612057
cluster_4_2023-07-18,877.2840781083634
cluster_4_2023-07-19,881.8378869437987
cluster_4_2023-07-20,871.3931304589887
cluster_4_2023-07-21,855.526963021255
cluster_4_2023-07-22,769.8075234473268
cluster_4_2023-07-23,728.0386914098798
cluster_4_2023-07-24,838.1059863839025
cluster_4_2023-07-25,837.320965978661
cluster_4_2023-07-26,842.0868175414608
cluster_4_2023-07-27,846.0254571188002
cluster_4_2023-07-28,837.5207290932906
cluster_4_2023-07-29,742.7037714347105
cluster_4_2023-07-30,701.1974916365672
cluster_4_2023-07-31,792.7686128877052
cluster_4_2023-08-01,771.208255629909
cluster_4_2023-08-02,791.828361090688
cluster_4_2023-08-03,763.9148332392224
cluster_4_2023-08-04,758.420449306164
cluster_4_2023-08-05,691.8192072716917
cluster_4_2023-08-06,655.1856810913551
cluster_4_2023-08-07,716.0946654569289
cluster_4_2023-08-08,742.7104153849504
cluster_4_2023-08-09,752.0902962366438
cluster_4_2023-08-10,760.6272979246506
cluster_4_2023-08-11,766.6013665126746
cluster_4_2023-08-12,710.9775888522012
cluster_4_2023-08-13,677.9376040483188
cluster_4_2023-08-14,737.4183203349513
cluster_4_2023-08-15,743.4480580668408
cluster_4_2023-08-16,766.7153455316918
cluster_4_2023-08-17,788.3890386583037
cluster_4_2023-08-18,801.4223177162194
cluster_4_2023-08-19,738.2271006616563
cluster_4_2023-08-20,716.0566894308297
cluster_4_2023-08-21,802.3337462216122
cluster_4_2023-08-22,830.0408206873112
cluster_4_2023-08-23,840.4922869082584
cluster_4_2023-08-24,838.8030857301565
cluster_4_2023-08-25,819.6593942821506
cluster_4_2023-08-26,730.8449472475031
cluster_4_2023-08-27,694.3363205473663
cluster_4_2023-08-28,801.7338196990859
cluster_4_2023-08-29,828.7758983064207
cluster_4_2023-08-30,833.9214474352137
cluster_4_2023-08-31,845.6096434886366
cluster_4_2023-09-01,842.7608431948364
cluster_4_2023-09-02,763.087136059335
cluster_4_2023-09-03,733.4900951536395
cluster_4_2023-09-04,852.8682643066666
cluster_4_2023-09-05,879.5265295959878
cluster_4_2023-09-06,881.0623599801132
cluster_4_2023-09-07,890.1803326274978
cluster_4_2023-09-08,883.7143491657151
cluster_4_2023-09-09,796.6478203281373
cluster_4_2023-09-10,756.8081264514052
cluster_4_2023-09-11,873.7654922338154
cluster_4_2023-09-12,890.8662866783196
cluster_4_2023-09-13,876.9882758615803
cluster_4_2023-09-14,873.9621293282411
cluster_4_2023-09-15,866.1458525916192
cluster_4_2023-09-16,773.9061710558992
cluster_4_2023-09-17,739.4774404670284
cluster_4_2023-09-18,849.0305517482235
cluster_4_2023-09-19,864.087485357516
cluster_4_2023-09-20,869.0850867274228
cluster_4_2023-09-21,876.5937867859507
cluster_4_2023-09-22,865.4914624359084
cluster_4_2023-09-23,781.9282433752004
cluster_4_2023-09-24,747.2625695348014
cluster_4_2023-09-25,867.0421013744241
cluster_4_2023-09-26,881.9973995642478
cluster_4_2023-09-27,885.7552496674267
cluster_4_2023-09-28,880.0807418676874
cluster_4_2023-09-29,877.5131576070679
cluster_4_2023-09-30,789.7981353431632
cluster_4_2023-10-01,759.6375805149402
cluster_4_2023-10-02,870.6673654189544
cluster_4_2023-10-03,896.1065426276208
cluster_4_2023-10-04,897.5731076960583
cluster_4_2023-10-05,893.2524517686315
cluster_4_2023-10-06,892.7599851511767
cluster_4_2023-10-07,804.1099298431516
cluster_4_2023-10-08,760.6840080057382
cluster_4_2023-10-09,877.6026847023662
cluster_4_2023-10-10,897.6484771360186
cluster_4_2023-10-11,904.8291922982477
cluster_4_2023-10-12,902.2660803728148
cluster_4_2023-10-13,887.7219938591304
cluster_4_2023-10-14,797.8815951818685
cluster_4_2023-10-15,788.0720601862705
cluster_4_2023-10-16,945.5511759483096
cluster_4_2023-10-17,969.9502362117973
cluster_4_2023-10-18,945.6830403357218
cluster_4_2023-10-19,938.2990098098337
cluster_4_2023-10-20,932.0247765478833
cluster_4_2023-10-21,852.684903013513
cluster_4_2023-10-22,841.9332361573792
cluster_4_2023-10-23,976.9422556856658
cluster_4_2023-10-24,976.3629189082537
cluster_4_2023-10-25,975.0732912632985
cluster_4_2023-10-26,990.949242586389
cluster_4_2023-10-27,984.9968017536909
cluster_4_2023-10-28,891.0420367963933
cluster_4_2023-10-29,852.485730919542
cluster_4_2023-10-30,970.6295033299634
cluster_4_2023-10-31,1005.8123714198836
cluster_4_2023-11-01,943.9859649838038
cluster_4_2023-11-02,1026.3900321968763
cluster_4_2023-11-03,1082.8592547587748
cluster_4_2023-11-04,1003.9587918681981
cluster_4_2023-11-05,928.6947286593296
cluster_4_2023-11-06,1064.692887022781
cluster_4_2023-11-07,1095.232939778541
cluster_4_2023-11-08,1110.4654716701107
cluster_4_2023-11-09,1120.6378833229267
cluster_4_2023-11-10,1089.4430659480595
cluster_4_2023-11-11,991.7373266773109
cluster_4_2023-11-12,951.358495477733
cluster_4_2023-11-13,1030.172430902753
cluster_4_2023-11-14,1035.422730903297
cluster_4_2023-11-15,1072.5265534421849
cluster_4_2023-11-16,1117.0801839260023
cluster_4_2023-11-17,1117.6333871344125
cluster_4_2023-11-18,1025.3390402480786
cluster_4_2023-11-19,952.1494192029152
cluster_4_2023-11-20,1075.0812087487795
cluster_4_2023-11-21,1126.820019497925
cluster_4_2023-11-22,1222.5806608031253
cluster_4_2023-11-23,1231.6161542712007
cluster_4_2023-11-24,1202.9595595460594
cluster_4_2023-11-25,1173.6239174272002
cluster_4_2023-11-26,1140.5522491823867
cluster_4_2023-11-27,1292.3667391239992
cluster_4_2023-11-28,1311.936497004036
cluster_4_2023-11-29,1338.546617096054
cluster_4_2023-11-30,1312.5538653830595
cluster_4_2023-12-01,1319.4269053361807
cluster_4_2023-12-02,1281.411961718859
cluster_4_2023-12-03,1274.4871030882002
cluster_4_2023-12-04,1352.9969061106283
cluster_4_2023-12-05,1331.4421303739748
cluster_4_2023-12-06,1338.433626380341
cluster_4_2023-12-07,1336.6999954410066
cluster_4_2023-12-08,1272.4426360023508
cluster_4_2023-12-09,1131.5306637360275
cluster_4_2023-12-10,1065.8204477578606
cluster_4_2023-12-11,1131.6858091638062
cluster_4_2023-12-12,1157.3846711822289
cluster_4_2023-12-13,1171.3134230754936
cluster_4_2023-12-14,1220.8314179383422
cluster_4_2023-12-15,1267.1171619053007
cluster_4_2023-12-16,1159.148467066997
cluster_4_2023-12-17,1165.88517108395
cluster_4_2023-12-18,1319.7829496493098
cluster_4_2023-12-19,1339.13956069157
cluster_4_2023-12-20,1321.269337749784
cluster_4_2023-12-21,1263.1288251899366
cluster_4_2023-12-22,1154.3314442190529
cluster_4_2023-12-23,1070.4198149228307
cluster_4_2023-12-24,1041.1536557030627
cluster_4_2023-12-25,1081.7182669535148
cluster_4_2023-12-26,1083.3817638094736
cluster_4_2023-12-27,1144.3290483255407
cluster_4_2023-12-28,1091.1464959875814
cluster_4_2023-12-29,1083.1072335403474
cluster_4_2023-12-30,1046.9088283658018
cluster_4_2023-12-31,1015.165776838303
cluster_4_2024-01-01,1075.9629288985102
cluster_4_2024-01-02,1157.6158649852634
cluster_4_2024-01-03,1135.679843572117
cluster_4_2024-01-04,1161.0699915577968
cluster_4_2024-01-05,1187.0333558962816
cluster_4_2024-01-06,1153.6167816636391
cluster_4_2024-01-07,1189.9381531543202
cluster_4_2024-01-08,1434.432208420879
cluster_4_2024-01-09,1469.0672422363555
cluster_4_2024-01-10,1487.9320842241896
cluster_4_2024-01-11,1490.0131809597792
cluster_4_2024-01-12,1490.0973193004884
cluster_4_2024-01-13,1396.2439498789543
cluster_4_2024-01-14,1356.8798796534795
cluster_4_2024-01-15,1490.1613269057013
cluster_4_2024-01-16,1517.8944210666061
cluster_4_2024-01-17,1393.043721054721
cluster_4_2024-01-18,1332.3858343214176
cluster_4_2024-01-19,1423.1424815709206
cluster_4_2024-01-20,1378.7952089568687
cluster_4_2024-01-21,1316.8359045256668
cluster_4_2024-01-22,1324.2576054774306
cluster_4_2024-01-23,1291.2300772199308
cluster_4_2024-01-24,1222.3124143531943
cluster_4_2024-01-25,1201.7061836033818
cluster_4_2024-01-26,1198.471040173712
cluster_4_2024-01-27,1179.865307975771
cluster_4_2024-01-28,1104.414572680804
cluster_4_2024-01-29,1168.8284762928906
cluster_4_2024-01-30,1187.0940700870683
cluster_4_2024-01-31,1190.944191002387
cluster_4_2024-02-01,1194.365399915677
cluster_4_2024-02-02,1205.7325313731817
cluster_4_2024-02-03,1143.2032545775514
cluster_4_2024-02-04,1104.8267703389251
cluster_4_2024-02-05,1236.973878435191
cluster_4_2024-02-06,1265.962464140762
cluster_4_2024-02-07,1251.947518751775
cluster_4_2024-02-08,1187.8172369012354
cluster_4_2024-02-09,1143.9058500128901
cluster_4_2024-02-10,1107.6343810899668
cluster_4_2024-02-11,1074.09958113529
cluster_4_2024-02-12,1220.5801275574454
cluster_4_2024-02-13,1241.1671468849456
cluster_4_2024-02-14,1190.7185488329285
cluster_4_2024-02-15,1139.3444724319806
cluster_4_2024-02-16,1128.2801533483848
cluster_4_2024-02-17,1050.875681414309
cluster_4_2024-02-18,1013.8391571525696
cluster_4_2024-02-19,1125.699797983607
cluster_4_2024-02-20,1173.0147291547753
cluster_4_2024-02-21,1175.3284302948862
cluster_4_2024-02-22,1159.8274700106695
cluster_4_2024-02-23,1206.7385758840567
cluster_4_2024-02-24,1137.216609562205
cluster_4_2024-02-25,1109.3074111357475
cluster_4_2024-02-26,1180.3226293638559
cluster_4_2024-02-27,1221.4567466351282
cluster_4_2024-02-28,1247.7399685926594
cluster_4_2024-02-29,1241.3223987919657
cluster_4_2024-03-01,1193.3910287219387
cluster_4_2024-03-02,1086.475343701947
cluster_4_2024-03-03,1087.8663708782037
cluster_4_2024-03-04,1218.8904032465657
cluster_4_2024-03-05,1221.472717856688
cluster_4_2024-03-06,1233.1761036052944
cluster_4_2024-03-07,1196.5191209207183
cluster_4_2024-03-08,1190.2367257044377
cluster_4_2024-03-09,1061.156650495015
cluster_4_2024-03-10,1024.2821792218235
cluster_4_2024-03-11,1143.8353796006052
cluster_4_2024-03-12,1157.790116611929
cluster_4_2024-03-13,1117.8714009370078
cluster_4_2024-03-14,1083.2690504339769
cluster_4_2024-03-15,1036.514811541387
cluster_4_2024-03-16,941.3321016699398
cluster_4_2024-03-17,924.8707193874935
cluster_4_2024-03-18,1004.5735620281257
cluster_4_2024-03-19,991.9788781101673
cluster_4_2024-03-20,966.8107155890486
cluster_4_2024-03-21,945.9094821777046
cluster_4_2024-03-22,927.0094049602436
cluster_4_2024-03-23,908.4928702240645
cluster_4_2024-03-24,934.1231012233959
cluster_4_2024-03-25,1048.776358739149
cluster_4_2024-03-26,1043.559648681463
cluster_4_2024-03-27,1076.3355851006825
cluster_4_2024-03-28,1044.984587605823
cluster_4_2024-03-29,1018.5383415162273
cluster_4_2024-03-30,952.5633157321624
cluster_4_2024-03-31,911.8105151605118
cluster_4_2024-04-01,1014.1643468441034
cluster_4_2024-04-02,1027.8740931216967
cluster_4_2024-04-03,1023.7598970076704
cluster_4_2024-04-04,990.9843063800279
cluster_4_2024-04-05,953.2525406979993
cluster_4_2024-04-06,840.3909438290286
cluster_4_2024-04-07,790.3864982943093
cluster_4_2024-04-08,862.8665355680041
cluster_4_2024-04-09,919.4297082857016
cluster_4_2024-04-10,957.2373411383592
cluster_4_2024-04-11,938.6973177054402
cluster_4_2024-04-12,903.6887403249178
cluster_4_2024-04-13,789.5237678400604
cluster_4_2024-04-14,746.4755994256031
cluster_4_2024-04-15,831.8029831877272
cluster_4_2024-04-16,899.3206306388048
cluster_4_2024-04-17,996.0818129696615
cluster_4_2024-04-18,1057.8172336603109
cluster_4_2024-04-19,1017.6649822075727
cluster_4_2024-04-20,947.9444600887206
cluster_4_2024-04-21,959.2950233786812
cluster_4_2024-04-22,1086.3943596502281
cluster_4_2024-04-23,1131.4415356722018
cluster_4_2024-04-24,1129.6829789761807
cluster_4_2024-04-25,1111.8295173000506
cluster_4_2024-04-26,1052.002359041202
cluster_4_2024-04-27,924.8659039540494
cluster_4_2024-04-28,885.3481834545415
cluster_4_2024-04-29,988.4201370995836
